,name,observation_id,frequency,bandwidth,declination,right_ascension,begin,end,url,NORAD
0,MEERKAT,1750997776-sdp-l0,2406250000.0,875000000.0,-47d15m09.101s,4h37m15.9s,2025-06-27T04:17:34,2025-06-27T04:19:42,https://archive-gw-1.kat.ac.za/1750997776/1750997776_sdp_l0.full.rdb?token=eyJhbGciOiJFUzI1NiIsInR5cCI6IkpXVCJ9.eyJpc3MiOiJrYXQtYXJjaGl2ZS5rYXQuYWMuemEiLCJhdWQiOiJhcmNoaXZlLWd3LTEua2F0LmFjLnphIiwiaWF0IjoxNzY0NTE4NjMyLCJwcmVmaXgiOlsiMTc1MDc0Mzg5OCIsIjE3NTA3NDQ0ODYiLCIxNzUwNzU1ODEyIiwiMTc1MDk5Nzc3NiIsIjE3NTA3NTY0MjEiLCIxNzUwNjU2MzQwIiwiMTc1MDY1NDIzMyJdLCJleHAiOjE3Njk3MDI2MzIsInN1YiI6ImE5NDA4YmY0LTc2MjAtNGRiOC05MjMzLTVkZGI4NTZkZWEwNyIsInNjb3BlcyI6WyJyZWFkIl19.L3MDlIZw76zMuj4GhiRbHjVlluFaT55KsgL9Z4QJN9TRbCBJfrkCEK_j2qmt9EB5YfQ14fsRyZSVggeyF_Va8g,"[{'sat': '0 XY S 1', 'timestamp': '2025-06-27T04:19:42+00:00', 'declination': -46.14508328449918, 'right_ascension': 26.542674123631244, 'angular_distance': 28.985715201281945}, {'sat': '0 LEMUR 2 NOOBNOOB', 'timestamp': '2025-06-27T04:19:42+00:00', 'declination': -35.55764269129112, 'right_ascension': 7.078212194789782, 'angular_distance': 46.82289212720751}, {'sat': '0 NOAA 17 DEB', 'timestamp': '2025-06-27T04:19:02.920921+00:00', 'declination': -47.28319255555315, 'right_ascension': 69.33604924207589, 'angular_distance': 0.033478595266126475}, {'sat': '0 NOAA 17 DEB', 'timestamp': '2025-06-27T04:18:35.117117+00:00', 'declination': -60.31335874766158, 'right_ascension': 35.16747419832734, 'angular_distance': 23.62754055533114}, {'sat': '0 HADES', 'timestamp': '2025-06-27T04:19:11.889890+00:00', 'declination': -47.70019634762129, 'right_ascension': 71.26528608151335, 'angular_distance': 1.391282402195841}]"
1,MEERKAT,1750997776-sdp-l0,2406250000.0,875000000.0,-58d54m04.500s,1h25m46.9s,2025-06-27T04:19:50,2025-06-27T04:20:22,https://archive-gw-1.kat.ac.za/1750997776/1750997776_sdp_l0.full.rdb?token=eyJhbGciOiJFUzI1NiIsInR5cCI6IkpXVCJ9.eyJpc3MiOiJrYXQtYXJjaGl2ZS5rYXQuYWMuemEiLCJhdWQiOiJhcmNoaXZlLWd3LTEua2F0LmFjLnphIiwiaWF0IjoxNzY0NTE4NjMyLCJwcmVmaXgiOlsiMTc1MDc0Mzg5OCIsIjE3NTA3NDQ0ODYiLCIxNzUwNzU1ODEyIiwiMTc1MDk5Nzc3NiIsIjE3NTA3NTY0MjEiLCIxNzUwNjU2MzQwIiwiMTc1MDY1NDIzMyJdLCJleHAiOjE3Njk3MDI2MzIsInN1YiI6ImE5NDA4YmY0LTc2MjAtNGRiOC05MjMzLTVkZGI4NTZkZWEwNyIsInNjb3BlcyI6WyJyZWFkIl19.L3MDlIZw76zMuj4GhiRbHjVlluFaT55KsgL9Z4QJN9TRbCBJfrkCEK_j2qmt9EB5YfQ14fsRyZSVggeyF_Va8g,"[{'sat': '0 LEMUR 2 NOOBNOOB', 'timestamp': '2025-06-27T04:20:19.277277+00:00', 'declination': -57.950091610151254, 'right_ascension': 0.5465694760111249, 'angular_distance': 10.938896265485788}]"
2,MEERKAT,1750997776-sdp-l0,2406250000.0,875000000.0,-58d54m04.500s,1h25m46.9s,2025-06-27T04:20:30,2025-06-27T04:50:14,https://archive-gw-1.kat.ac.za/1750997776/1750997776_sdp_l0.full.rdb?token=eyJhbGciOiJFUzI1NiIsInR5cCI6IkpXVCJ9.eyJpc3MiOiJrYXQtYXJjaGl2ZS5rYXQuYWMuemEiLCJhdWQiOiJhcmNoaXZlLWd3LTEua2F0LmFjLnphIiwiaWF0IjoxNzY0NTE4NjMyLCJwcmVmaXgiOlsiMTc1MDc0Mzg5OCIsIjE3NTA3NDQ0ODYiLCIxNzUwNzU1ODEyIiwiMTc1MDk5Nzc3NiIsIjE3NTA3NTY0MjEiLCIxNzUwNjU2MzQwIiwiMTc1MDY1NDIzMyJdLCJleHAiOjE3Njk3MDI2MzIsInN1YiI6ImE5NDA4YmY0LTc2MjAtNGRiOC05MjMzLTVkZGI4NTZkZWEwNyIsInNjb3BlcyI6WyJyZWFkIl19.L3MDlIZw76zMuj4GhiRbHjVlluFaT55KsgL9Z4QJN9TRbCBJfrkCEK_j2qmt9EB5YfQ14fsRyZSVggeyF_Va8g,"[{'sat': '0 KEPLER-15 (SUDORMRF)', 'timestamp': '2025-06-27T04:49:56.142142+00:00', 'declination': -58.029549145388444, 'right_ascension': 3.4928127357335317, 'angular_distance': 9.401188165169541}, {'sat': '0 KEPLER-15 (SUDORMRF)', 'timestamp': '2025-06-27T04:49:56.142142+00:00', 'declination': -58.029549145388444, 'right_ascension': 3.4928127357335317, 'angular_distance': 9.401188165169541}, {'sat': '0 KEPLER-15 (SUDORMRF)', 'timestamp': '2025-06-27T04:49:56.142142+00:00', 'declination': -58.029549145388444, 'right_ascension': 3.4928127357335317, 'angular_distance': 9.401188165169541}, {'sat': '0 KEPLER-15 (SUDORMRF)', 'timestamp': '2025-06-27T04:49:56.142142+00:00', 'declination': -58.029549145388444, 'right_ascension': 3.4928127357335317, 'angular_distance': 9.401188165169541}, {'sat': '0 LEMUR 2 NOOBNOOB', 'timestamp': '2025-06-27T04:49:45.427427+00:00', 'declination': -58.16538504781098, 'right_ascension': 0.9129717020498168, 'angular_distance': 10.700839469241085}, {'sat': '0 LEMUR 2 NOOBNOOB', 'timestamp': '2025-06-27T04:49:45.427427+00:00', 'declination': -58.16538504781098, 'right_ascension': 0.9129717020498168, 'angular_distance': 10.700839469241085}, {'sat': '0 NOAA 17 DEB', 'timestamp': '2025-06-27T04:38:55.401401+00:00', 'declination': -59.6078660445937, 'right_ascension': 17.08497183652585, 'angular_distance': 2.337974349335961}, {'sat': '0 NOAA 17 DEB', 'timestamp': '2025-06-27T04:38:55.401401+00:00', 'declination': -59.6078660445937, 'right_ascension': 17.08497183652585, 'angular_distance': 2.337974349335961}, {'sat': '0 NOAA 17 DEB', 'timestamp': '2025-06-27T04:38:55.401401+00:00', 'declination': -59.6078660445937, 'right_ascension': 17.08497183652585, 'angular_distance': 2.337974349335961}, {'sat': '0 NOAA 17 DEB', 'timestamp': '2025-06-27T04:38:55.401401+00:00', 'declination': -59.6078660445937, 'right_ascension': 17.08497183652585, 'angular_distance': 2.337974349335961}, {'sat': '0 NOAA 17 DEB', 'timestamp': '2025-06-27T04:38:55.401401+00:00', 'declination': -59.6078660445937, 'right_ascension': 17.08497183652585, 'angular_distance': 2.337974349335961}, {'sat': '0 NOAA 17 DEB', 'timestamp': '2025-06-27T04:38:55.401401+00:00', 'declination': -59.6078660445937, 'right_ascension': 17.08497183652585, 'angular_distance': 2.337974349335961}, {'sat': '0 NOAA 17 DEB', 'timestamp': '2025-06-27T04:38:55.401401+00:00', 'declination': -59.6078660445937, 'right_ascension': 17.08497183652585, 'angular_distance': 2.337974349335961}, {'sat': '0 NOAA 17 DEB', 'timestamp': '2025-06-27T04:38:55.401401+00:00', 'declination': -59.6078660445937, 'right_ascension': 17.08497183652585, 'angular_distance': 2.337974349335961}, {'sat': '0 NOAA 17 DEB', 'timestamp': '2025-06-27T04:38:55.401401+00:00', 'declination': -59.6078660445937, 'right_ascension': 17.08497183652585, 'angular_distance': 2.337974349335961}, {'sat': '0 NOAA 17 DEB', 'timestamp': '2025-06-27T04:38:55.401401+00:00', 'declination': -59.6078660445937, 'right_ascension': 17.08497183652585, 'angular_distance': 2.337974349335961}, {'sat': '0 NOAA 17 DEB', 'timestamp': '2025-06-27T04:38:55.401401+00:00', 'declination': -59.6078660445937, 'right_ascension': 17.08497183652585, 'angular_distance': 2.337974349335961}, {'sat': '0 NOAA 17 DEB', 'timestamp': '2025-06-27T04:38:55.401401+00:00', 'declination': -59.6078660445937, 'right_ascension': 17.08497183652585, 'angular_distance': 2.337974349335961}, {'sat': '0 NOAA 17 DEB', 'timestamp': '2025-06-27T04:38:55.401401+00:00', 'declination': -59.6078660445937, 'right_ascension': 17.08497183652585, 'angular_distance': 2.337974349335961}, {'sat': '0 NOAA 17 DEB', 'timestamp': '2025-06-27T04:38:55.401401+00:00', 'declination': -59.6078660445937, 'right_ascension': 17.08497183652585, 'angular_distance': 2.337974349335961}, {'sat': '0 NOAA 17 DEB', 'timestamp': '2025-06-27T04:38:55.401401+00:00', 'declination': -59.6078660445937, 'right_ascension': 17.08497183652585, 'angular_distance': 2.337974349335961}, {'sat': '0 NOAA 17 DEB', 'timestamp': '2025-06-27T04:38:55.401401+00:00', 'declination': -59.6078660445937, 'right_ascension': 17.08497183652585, 'angular_distance': 2.337974349335961}, {'sat': '0 NOAA 17 DEB', 'timestamp': '2025-06-27T04:38:55.401401+00:00', 'declination': -59.6078660445937, 'right_ascension': 17.08497183652585, 'angular_distance': 2.337974349335961}, {'sat': '0 COSMOS 1408 DEB', 'timestamp': '2025-06-27T04:27:49.303303+00:00', 'declination': -59.82869782880597, 'right_ascension': 17.007412086781926, 'angular_distance': 2.443647779194811}, {'sat': '0 COSMOS 1408 DEB', 'timestamp': '2025-06-27T04:27:49.303303+00:00', 'declination': -59.82869782880597, 'right_ascension': 17.007412086781926, 'angular_distance': 2.443647779194811}]"
3,MEERKAT,1750756421-sdp-l0,1284000000.0,856000000.0,-65d45m09.101s,4h08m20.4s,2025-06-24T09:13:58,2025-06-24T09:14:14,https://archive-gw-1.kat.ac.za/1750756421/1750756421_sdp_l0.full.rdb?token=eyJhbGciOiJFUzI1NiIsInR5cCI6IkpXVCJ9.eyJpc3MiOiJrYXQtYXJjaGl2ZS5rYXQuYWMuemEiLCJhdWQiOiJhcmNoaXZlLWd3LTEua2F0LmFjLnphIiwiaWF0IjoxNzY0NTE4NjMyLCJwcmVmaXgiOlsiMTc1MDc0Mzg5OCIsIjE3NTA3NDQ0ODYiLCIxNzUwNzU1ODEyIiwiMTc1MDk5Nzc3NiIsIjE3NTA3NTY0MjEiLCIxNzUwNjU2MzQwIiwiMTc1MDY1NDIzMyJdLCJleHAiOjE3Njk3MDI2MzIsInN1YiI6ImE5NDA4YmY0LTc2MjAtNGRiOC05MjMzLTVkZGI4NTZkZWEwNyIsInNjb3BlcyI6WyJyZWFkIl19.L3MDlIZw76zMuj4GhiRbHjVlluFaT55KsgL9Z4QJN9TRbCBJfrkCEK_j2qmt9EB5YfQ14fsRyZSVggeyF_Va8g,"[{'sat': '0 NOAA 17 DEB', 'timestamp': '2025-06-24T09:13:58+00:00', 'declination': -57.885364611551864, 'right_ascension': 69.3407967820917, 'angular_distance': 8.567985933438049}]"
4,MEERKAT,1750756421-sdp-l0,1284000000.0,856000000.0,-65d45m09.101s,4h08m20.4s,2025-06-24T09:14:22,2025-06-24T09:19:10,https://archive-gw-1.kat.ac.za/1750756421/1750756421_sdp_l0.full.rdb?token=eyJhbGciOiJFUzI1NiIsInR5cCI6IkpXVCJ9.eyJpc3MiOiJrYXQtYXJjaGl2ZS5rYXQuYWMuemEiLCJhdWQiOiJhcmNoaXZlLWd3LTEua2F0LmFjLnphIiwiaWF0IjoxNzY0NTE4NjMyLCJwcmVmaXgiOlsiMTc1MDc0Mzg5OCIsIjE3NTA3NDQ0ODYiLCIxNzUwNzU1ODEyIiwiMTc1MDk5Nzc3NiIsIjE3NTA3NTY0MjEiLCIxNzUwNjU2MzQwIiwiMTc1MDY1NDIzMyJdLCJleHAiOjE3Njk3MDI2MzIsInN1YiI6ImE5NDA4YmY0LTc2MjAtNGRiOC05MjMzLTVkZGI4NTZkZWEwNyIsInNjb3BlcyI6WyJyZWFkIl19.L3MDlIZw76zMuj4GhiRbHjVlluFaT55KsgL9Z4QJN9TRbCBJfrkCEK_j2qmt9EB5YfQ14fsRyZSVggeyF_Va8g,
5,MEERKAT,1750756421-sdp-l0,1284000000.0,856000000.0,-44d31m58.598s,4h36m33.0s,2025-06-24T09:19:18,2025-06-24T09:19:42,https://archive-gw-1.kat.ac.za/1750756421/1750756421_sdp_l0.full.rdb?token=eyJhbGciOiJFUzI1NiIsInR5cCI6IkpXVCJ9.eyJpc3MiOiJrYXQtYXJjaGl2ZS5rYXQuYWMuemEiLCJhdWQiOiJhcmNoaXZlLWd3LTEua2F0LmFjLnphIiwiaWF0IjoxNzY0NTE4NjMyLCJwcmVmaXgiOlsiMTc1MDc0Mzg5OCIsIjE3NTA3NDQ0ODYiLCIxNzUwNzU1ODEyIiwiMTc1MDk5Nzc3NiIsIjE3NTA3NTY0MjEiLCIxNzUwNjU2MzQwIiwiMTc1MDY1NDIzMyJdLCJleHAiOjE3Njk3MDI2MzIsInN1YiI6ImE5NDA4YmY0LTc2MjAtNGRiOC05MjMzLTVkZGI4NTZkZWEwNyIsInNjb3BlcyI6WyJyZWFkIl19.L3MDlIZw76zMuj4GhiRbHjVlluFaT55KsgL9Z4QJN9TRbCBJfrkCEK_j2qmt9EB5YfQ14fsRyZSVggeyF_Va8g,
6,MEERKAT,1750756421-sdp-l0,1284000000.0,856000000.0,-44d31m58.598s,4h36m33.0s,2025-06-24T09:19:50,2025-06-24T09:21:42,https://archive-gw-1.kat.ac.za/1750756421/1750756421_sdp_l0.full.rdb?token=eyJhbGciOiJFUzI1NiIsInR5cCI6IkpXVCJ9.eyJpc3MiOiJrYXQtYXJjaGl2ZS5rYXQuYWMuemEiLCJhdWQiOiJhcmNoaXZlLWd3LTEua2F0LmFjLnphIiwiaWF0IjoxNzY0NTE4NjMyLCJwcmVmaXgiOlsiMTc1MDc0Mzg5OCIsIjE3NTA3NDQ0ODYiLCIxNzUwNzU1ODEyIiwiMTc1MDk5Nzc3NiIsIjE3NTA3NTY0MjEiLCIxNzUwNjU2MzQwIiwiMTc1MDY1NDIzMyJdLCJleHAiOjE3Njk3MDI2MzIsInN1YiI6ImE5NDA4YmY0LTc2MjAtNGRiOC05MjMzLTVkZGI4NTZkZWEwNyIsInNjb3BlcyI6WyJyZWFkIl19.L3MDlIZw76zMuj4GhiRbHjVlluFaT55KsgL9Z4QJN9TRbCBJfrkCEK_j2qmt9EB5YfQ14fsRyZSVggeyF_Va8g,
7,MEERKAT,1750756421-sdp-l0,1284000000.0,856000000.0,-44d31m58.598s,4h36m33.0s,2025-06-24T09:21:50,2025-06-24T09:21:58,https://archive-gw-1.kat.ac.za/1750756421/1750756421_sdp_l0.full.rdb?token=eyJhbGciOiJFUzI1NiIsInR5cCI6IkpXVCJ9.eyJpc3MiOiJrYXQtYXJjaGl2ZS5rYXQuYWMuemEiLCJhdWQiOiJhcmNoaXZlLWd3LTEua2F0LmFjLnphIiwiaWF0IjoxNzY0NTE4NjMyLCJwcmVmaXgiOlsiMTc1MDc0Mzg5OCIsIjE3NTA3NDQ0ODYiLCIxNzUwNzU1ODEyIiwiMTc1MDk5Nzc3NiIsIjE3NTA3NTY0MjEiLCIxNzUwNjU2MzQwIiwiMTc1MDY1NDIzMyJdLCJleHAiOjE3Njk3MDI2MzIsInN1YiI6ImE5NDA4YmY0LTc2MjAtNGRiOC05MjMzLTVkZGI4NTZkZWEwNyIsInNjb3BlcyI6WyJyZWFkIl19.L3MDlIZw76zMuj4GhiRbHjVlluFaT55KsgL9Z4QJN9TRbCBJfrkCEK_j2qmt9EB5YfQ14fsRyZSVggeyF_Va8g,
8,MEERKAT,1750756421-sdp-l0,1284000000.0,856000000.0,-44d31m58.598s,4h36m33.0s,2025-06-24T09:22:06,2025-06-24T09:54:13,https://archive-gw-1.kat.ac.za/1750756421/1750756421_sdp_l0.full.rdb?token=eyJhbGciOiJFUzI1NiIsInR5cCI6IkpXVCJ9.eyJpc3MiOiJrYXQtYXJjaGl2ZS5rYXQuYWMuemEiLCJhdWQiOiJhcmNoaXZlLWd3LTEua2F0LmFjLnphIiwiaWF0IjoxNzY0NTE4NjMyLCJwcmVmaXgiOlsiMTc1MDc0Mzg5OCIsIjE3NTA3NDQ0ODYiLCIxNzUwNzU1ODEyIiwiMTc1MDk5Nzc3NiIsIjE3NTA3NTY0MjEiLCIxNzUwNjU2MzQwIiwiMTc1MDY1NDIzMyJdLCJleHAiOjE3Njk3MDI2MzIsInN1YiI6ImE5NDA4YmY0LTc2MjAtNGRiOC05MjMzLTVkZGI4NTZkZWEwNyIsInNjb3BlcyI6WyJyZWFkIl19.L3MDlIZw76zMuj4GhiRbHjVlluFaT55KsgL9Z4QJN9TRbCBJfrkCEK_j2qmt9EB5YfQ14fsRyZSVggeyF_Va8g,
9,MEERKAT,1750756421-sdp-l0,1284000000.0,856000000.0,-44d31m58.598s,4h36m33.0s,2025-06-24T09:54:21,2025-06-24T09:54:29,https://archive-gw-1.kat.ac.za/1750756421/1750756421_sdp_l0.full.rdb?token=eyJhbGciOiJFUzI1NiIsInR5cCI6IkpXVCJ9.eyJpc3MiOiJrYXQtYXJjaGl2ZS5rYXQuYWMuemEiLCJhdWQiOiJhcmNoaXZlLWd3LTEua2F0LmFjLnphIiwiaWF0IjoxNzY0NTE4NjMyLCJwcmVmaXgiOlsiMTc1MDc0Mzg5OCIsIjE3NTA3NDQ0ODYiLCIxNzUwNzU1ODEyIiwiMTc1MDk5Nzc3NiIsIjE3NTA3NTY0MjEiLCIxNzUwNjU2MzQwIiwiMTc1MDY1NDIzMyJdLCJleHAiOjE3Njk3MDI2MzIsInN1YiI6ImE5NDA4YmY0LTc2MjAtNGRiOC05MjMzLTVkZGI4NTZkZWEwNyIsInNjb3BlcyI6WyJyZWFkIl19.L3MDlIZw76zMuj4GhiRbHjVlluFaT55KsgL9Z4QJN9TRbCBJfrkCEK_j2qmt9EB5YfQ14fsRyZSVggeyF_Va8g,
10,MEERKAT,1750756421-sdp-l0,1284000000.0,856000000.0,-44d31m58.598s,4h36m33.0s,2025-06-24T09:54:37,2025-06-24T09:56:21,https://archive-gw-1.kat.ac.za/1750756421/1750756421_sdp_l0.full.rdb?token=eyJhbGciOiJFUzI1NiIsInR5cCI6IkpXVCJ9.eyJpc3MiOiJrYXQtYXJjaGl2ZS5rYXQuYWMuemEiLCJhdWQiOiJhcmNoaXZlLWd3LTEua2F0LmFjLnphIiwiaWF0IjoxNzY0NTE4NjMyLCJwcmVmaXgiOlsiMTc1MDc0Mzg5OCIsIjE3NTA3NDQ0ODYiLCIxNzUwNzU1ODEyIiwiMTc1MDk5Nzc3NiIsIjE3NTA3NTY0MjEiLCIxNzUwNjU2MzQwIiwiMTc1MDY1NDIzMyJdLCJleHAiOjE3Njk3MDI2MzIsInN1YiI6ImE5NDA4YmY0LTc2MjAtNGRiOC05MjMzLTVkZGI4NTZkZWEwNyIsInNjb3BlcyI6WyJyZWFkIl19.L3MDlIZw76zMuj4GhiRbHjVlluFaT55KsgL9Z4QJN9TRbCBJfrkCEK_j2qmt9EB5YfQ14fsRyZSVggeyF_Va8g,
11,MEERKAT,1750756421-sdp-l0,1284000000.0,856000000.0,-44d31m58.598s,4h36m33.0s,2025-06-24T09:56:29,2025-06-24T09:56:45,https://archive-gw-1.kat.ac.za/1750756421/1750756421_sdp_l0.full.rdb?token=eyJhbGciOiJFUzI1NiIsInR5cCI6IkpXVCJ9.eyJpc3MiOiJrYXQtYXJjaGl2ZS5rYXQuYWMuemEiLCJhdWQiOiJhcmNoaXZlLWd3LTEua2F0LmFjLnphIiwiaWF0IjoxNzY0NTE4NjMyLCJwcmVmaXgiOlsiMTc1MDc0Mzg5OCIsIjE3NTA3NDQ0ODYiLCIxNzUwNzU1ODEyIiwiMTc1MDk5Nzc3NiIsIjE3NTA3NTY0MjEiLCIxNzUwNjU2MzQwIiwiMTc1MDY1NDIzMyJdLCJleHAiOjE3Njk3MDI2MzIsInN1YiI6ImE5NDA4YmY0LTc2MjAtNGRiOC05MjMzLTVkZGI4NTZkZWEwNyIsInNjb3BlcyI6WyJyZWFkIl19.L3MDlIZw76zMuj4GhiRbHjVlluFaT55KsgL9Z4QJN9TRbCBJfrkCEK_j2qmt9EB5YfQ14fsRyZSVggeyF_Va8g,
12,MEERKAT,1750756421-sdp-l0,1284000000.0,856000000.0,-44d31m58.598s,4h36m33.0s,2025-06-24T09:56:53,2025-06-24T10:29:00,https://archive-gw-1.kat.ac.za/1750756421/1750756421_sdp_l0.full.rdb?token=eyJhbGciOiJFUzI1NiIsInR5cCI6IkpXVCJ9.eyJpc3MiOiJrYXQtYXJjaGl2ZS5rYXQuYWMuemEiLCJhdWQiOiJhcmNoaXZlLWd3LTEua2F0LmFjLnphIiwiaWF0IjoxNzY0NTE4NjMyLCJwcmVmaXgiOlsiMTc1MDc0Mzg5OCIsIjE3NTA3NDQ0ODYiLCIxNzUwNzU1ODEyIiwiMTc1MDk5Nzc3NiIsIjE3NTA3NTY0MjEiLCIxNzUwNjU2MzQwIiwiMTc1MDY1NDIzMyJdLCJleHAiOjE3Njk3MDI2MzIsInN1YiI6ImE5NDA4YmY0LTc2MjAtNGRiOC05MjMzLTVkZGI4NTZkZWEwNyIsInNjb3BlcyI6WyJyZWFkIl19.L3MDlIZw76zMuj4GhiRbHjVlluFaT55KsgL9Z4QJN9TRbCBJfrkCEK_j2qmt9EB5YfQ14fsRyZSVggeyF_Va8g,
13,MEERKAT,1750756421-sdp-l0,1284000000.0,856000000.0,-44d31m58.598s,4h36m33.0s,2025-06-24T10:29:08,2025-06-24T10:29:16,https://archive-gw-1.kat.ac.za/1750756421/1750756421_sdp_l0.full.rdb?token=eyJhbGciOiJFUzI1NiIsInR5cCI6IkpXVCJ9.eyJpc3MiOiJrYXQtYXJjaGl2ZS5rYXQuYWMuemEiLCJhdWQiOiJhcmNoaXZlLWd3LTEua2F0LmFjLnphIiwiaWF0IjoxNzY0NTE4NjMyLCJwcmVmaXgiOlsiMTc1MDc0Mzg5OCIsIjE3NTA3NDQ0ODYiLCIxNzUwNzU1ODEyIiwiMTc1MDk5Nzc3NiIsIjE3NTA3NTY0MjEiLCIxNzUwNjU2MzQwIiwiMTc1MDY1NDIzMyJdLCJleHAiOjE3Njk3MDI2MzIsInN1YiI6ImE5NDA4YmY0LTc2MjAtNGRiOC05MjMzLTVkZGI4NTZkZWEwNyIsInNjb3BlcyI6WyJyZWFkIl19.L3MDlIZw76zMuj4GhiRbHjVlluFaT55KsgL9Z4QJN9TRbCBJfrkCEK_j2qmt9EB5YfQ14fsRyZSVggeyF_Va8g,
14,MEERKAT,1750756421-sdp-l0,1284000000.0,856000000.0,-44d31m58.598s,4h36m33.0s,2025-06-24T10:29:24,2025-06-24T10:31:08,https://archive-gw-1.kat.ac.za/1750756421/1750756421_sdp_l0.full.rdb?token=eyJhbGciOiJFUzI1NiIsInR5cCI6IkpXVCJ9.eyJpc3MiOiJrYXQtYXJjaGl2ZS5rYXQuYWMuemEiLCJhdWQiOiJhcmNoaXZlLWd3LTEua2F0LmFjLnphIiwiaWF0IjoxNzY0NTE4NjMyLCJwcmVmaXgiOlsiMTc1MDc0Mzg5OCIsIjE3NTA3NDQ0ODYiLCIxNzUwNzU1ODEyIiwiMTc1MDk5Nzc3NiIsIjE3NTA3NTY0MjEiLCIxNzUwNjU2MzQwIiwiMTc1MDY1NDIzMyJdLCJleHAiOjE3Njk3MDI2MzIsInN1YiI6ImE5NDA4YmY0LTc2MjAtNGRiOC05MjMzLTVkZGI4NTZkZWEwNyIsInNjb3BlcyI6WyJyZWFkIl19.L3MDlIZw76zMuj4GhiRbHjVlluFaT55KsgL9Z4QJN9TRbCBJfrkCEK_j2qmt9EB5YfQ14fsRyZSVggeyF_Va8g,
15,MEERKAT,1750756421-sdp-l0,1284000000.0,856000000.0,-44d31m58.598s,4h36m33.0s,2025-06-24T10:31:16,2025-06-24T10:31:24,https://archive-gw-1.kat.ac.za/1750756421/1750756421_sdp_l0.full.rdb?token=eyJhbGciOiJFUzI1NiIsInR5cCI6IkpXVCJ9.eyJpc3MiOiJrYXQtYXJjaGl2ZS5rYXQuYWMuemEiLCJhdWQiOiJhcmNoaXZlLWd3LTEua2F0LmFjLnphIiwiaWF0IjoxNzY0NTE4NjMyLCJwcmVmaXgiOlsiMTc1MDc0Mzg5OCIsIjE3NTA3NDQ0ODYiLCIxNzUwNzU1ODEyIiwiMTc1MDk5Nzc3NiIsIjE3NTA3NTY0MjEiLCIxNzUwNjU2MzQwIiwiMTc1MDY1NDIzMyJdLCJleHAiOjE3Njk3MDI2MzIsInN1YiI6ImE5NDA4YmY0LTc2MjAtNGRiOC05MjMzLTVkZGI4NTZkZWEwNyIsInNjb3BlcyI6WyJyZWFkIl19.L3MDlIZw76zMuj4GhiRbHjVlluFaT55KsgL9Z4QJN9TRbCBJfrkCEK_j2qmt9EB5YfQ14fsRyZSVggeyF_Va8g,
16,MEERKAT,1750756421-sdp-l0,1284000000.0,856000000.0,-44d31m58.598s,4h36m33.0s,2025-06-24T10:31:32,2025-06-24T11:03:39,https://archive-gw-1.kat.ac.za/1750756421/1750756421_sdp_l0.full.rdb?token=eyJhbGciOiJFUzI1NiIsInR5cCI6IkpXVCJ9.eyJpc3MiOiJrYXQtYXJjaGl2ZS5rYXQuYWMuemEiLCJhdWQiOiJhcmNoaXZlLWd3LTEua2F0LmFjLnphIiwiaWF0IjoxNzY0NTE4NjMyLCJwcmVmaXgiOlsiMTc1MDc0Mzg5OCIsIjE3NTA3NDQ0ODYiLCIxNzUwNzU1ODEyIiwiMTc1MDk5Nzc3NiIsIjE3NTA3NTY0MjEiLCIxNzUwNjU2MzQwIiwiMTc1MDY1NDIzMyJdLCJleHAiOjE3Njk3MDI2MzIsInN1YiI6ImE5NDA4YmY0LTc2MjAtNGRiOC05MjMzLTVkZGI4NTZkZWEwNyIsInNjb3BlcyI6WyJyZWFkIl19.L3MDlIZw76zMuj4GhiRbHjVlluFaT55KsgL9Z4QJN9TRbCBJfrkCEK_j2qmt9EB5YfQ14fsRyZSVggeyF_Va8g,
17,MEERKAT,1750756421-sdp-l0,1284000000.0,856000000.0,-44d31m58.598s,4h36m33.0s,2025-06-24T11:03:47,2025-06-24T11:03:55,https://archive-gw-1.kat.ac.za/1750756421/1750756421_sdp_l0.full.rdb?token=eyJhbGciOiJFUzI1NiIsInR5cCI6IkpXVCJ9.eyJpc3MiOiJrYXQtYXJjaGl2ZS5rYXQuYWMuemEiLCJhdWQiOiJhcmNoaXZlLWd3LTEua2F0LmFjLnphIiwiaWF0IjoxNzY0NTE4NjMyLCJwcmVmaXgiOlsiMTc1MDc0Mzg5OCIsIjE3NTA3NDQ0ODYiLCIxNzUwNzU1ODEyIiwiMTc1MDk5Nzc3NiIsIjE3NTA3NTY0MjEiLCIxNzUwNjU2MzQwIiwiMTc1MDY1NDIzMyJdLCJleHAiOjE3Njk3MDI2MzIsInN1YiI6ImE5NDA4YmY0LTc2MjAtNGRiOC05MjMzLTVkZGI4NTZkZWEwNyIsInNjb3BlcyI6WyJyZWFkIl19.L3MDlIZw76zMuj4GhiRbHjVlluFaT55KsgL9Z4QJN9TRbCBJfrkCEK_j2qmt9EB5YfQ14fsRyZSVggeyF_Va8g,
18,MEERKAT,1750756421-sdp-l0,1284000000.0,856000000.0,-44d31m58.598s,4h36m33.0s,2025-06-24T11:04:03,2025-06-24T11:05:55,https://archive-gw-1.kat.ac.za/1750756421/1750756421_sdp_l0.full.rdb?token=eyJhbGciOiJFUzI1NiIsInR5cCI6IkpXVCJ9.eyJpc3MiOiJrYXQtYXJjaGl2ZS5rYXQuYWMuemEiLCJhdWQiOiJhcmNoaXZlLWd3LTEua2F0LmFjLnphIiwiaWF0IjoxNzY0NTE4NjMyLCJwcmVmaXgiOlsiMTc1MDc0Mzg5OCIsIjE3NTA3NDQ0ODYiLCIxNzUwNzU1ODEyIiwiMTc1MDk5Nzc3NiIsIjE3NTA3NTY0MjEiLCIxNzUwNjU2MzQwIiwiMTc1MDY1NDIzMyJdLCJleHAiOjE3Njk3MDI2MzIsInN1YiI6ImE5NDA4YmY0LTc2MjAtNGRiOC05MjMzLTVkZGI4NTZkZWEwNyIsInNjb3BlcyI6WyJyZWFkIl19.L3MDlIZw76zMuj4GhiRbHjVlluFaT55KsgL9Z4QJN9TRbCBJfrkCEK_j2qmt9EB5YfQ14fsRyZSVggeyF_Va8g,
19,MEERKAT,1750756421-sdp-l0,1284000000.0,856000000.0,-44d31m58.598s,4h36m33.0s,2025-06-24T11:06:03,2025-06-24T11:06:11,https://archive-gw-1.kat.ac.za/1750756421/1750756421_sdp_l0.full.rdb?token=eyJhbGciOiJFUzI1NiIsInR5cCI6IkpXVCJ9.eyJpc3MiOiJrYXQtYXJjaGl2ZS5rYXQuYWMuemEiLCJhdWQiOiJhcmNoaXZlLWd3LTEua2F0LmFjLnphIiwiaWF0IjoxNzY0NTE4NjMyLCJwcmVmaXgiOlsiMTc1MDc0Mzg5OCIsIjE3NTA3NDQ0ODYiLCIxNzUwNzU1ODEyIiwiMTc1MDk5Nzc3NiIsIjE3NTA3NTY0MjEiLCIxNzUwNjU2MzQwIiwiMTc1MDY1NDIzMyJdLCJleHAiOjE3Njk3MDI2MzIsInN1YiI6ImE5NDA4YmY0LTc2MjAtNGRiOC05MjMzLTVkZGI4NTZkZWEwNyIsInNjb3BlcyI6WyJyZWFkIl19.L3MDlIZw76zMuj4GhiRbHjVlluFaT55KsgL9Z4QJN9TRbCBJfrkCEK_j2qmt9EB5YfQ14fsRyZSVggeyF_Va8g,
20,MEERKAT,1750756421-sdp-l0,1284000000.0,856000000.0,-44d31m58.598s,4h36m33.0s,2025-06-24T11:06:19,2025-06-24T11:38:26,https://archive-gw-1.kat.ac.za/1750756421/1750756421_sdp_l0.full.rdb?token=eyJhbGciOiJFUzI1NiIsInR5cCI6IkpXVCJ9.eyJpc3MiOiJrYXQtYXJjaGl2ZS5rYXQuYWMuemEiLCJhdWQiOiJhcmNoaXZlLWd3LTEua2F0LmFjLnphIiwiaWF0IjoxNzY0NTE4NjMyLCJwcmVmaXgiOlsiMTc1MDc0Mzg5OCIsIjE3NTA3NDQ0ODYiLCIxNzUwNzU1ODEyIiwiMTc1MDk5Nzc3NiIsIjE3NTA3NTY0MjEiLCIxNzUwNjU2MzQwIiwiMTc1MDY1NDIzMyJdLCJleHAiOjE3Njk3MDI2MzIsInN1YiI6ImE5NDA4YmY0LTc2MjAtNGRiOC05MjMzLTVkZGI4NTZkZWEwNyIsInNjb3BlcyI6WyJyZWFkIl19.L3MDlIZw76zMuj4GhiRbHjVlluFaT55KsgL9Z4QJN9TRbCBJfrkCEK_j2qmt9EB5YfQ14fsRyZSVggeyF_Va8g,
21,MEERKAT,1750756421-sdp-l0,1284000000.0,856000000.0,-44d31m58.598s,4h36m33.0s,2025-06-24T11:38:34,2025-06-24T11:38:42,https://archive-gw-1.kat.ac.za/1750756421/1750756421_sdp_l0.full.rdb?token=eyJhbGciOiJFUzI1NiIsInR5cCI6IkpXVCJ9.eyJpc3MiOiJrYXQtYXJjaGl2ZS5rYXQuYWMuemEiLCJhdWQiOiJhcmNoaXZlLWd3LTEua2F0LmFjLnphIiwiaWF0IjoxNzY0NTE4NjMyLCJwcmVmaXgiOlsiMTc1MDc0Mzg5OCIsIjE3NTA3NDQ0ODYiLCIxNzUwNzU1ODEyIiwiMTc1MDk5Nzc3NiIsIjE3NTA3NTY0MjEiLCIxNzUwNjU2MzQwIiwiMTc1MDY1NDIzMyJdLCJleHAiOjE3Njk3MDI2MzIsInN1YiI6ImE5NDA4YmY0LTc2MjAtNGRiOC05MjMzLTVkZGI4NTZkZWEwNyIsInNjb3BlcyI6WyJyZWFkIl19.L3MDlIZw76zMuj4GhiRbHjVlluFaT55KsgL9Z4QJN9TRbCBJfrkCEK_j2qmt9EB5YfQ14fsRyZSVggeyF_Va8g,
22,MEERKAT,1750756421-sdp-l0,1284000000.0,856000000.0,-44d31m58.598s,4h36m33.0s,2025-06-24T11:38:50,2025-06-24T11:40:34,https://archive-gw-1.kat.ac.za/1750756421/1750756421_sdp_l0.full.rdb?token=eyJhbGciOiJFUzI1NiIsInR5cCI6IkpXVCJ9.eyJpc3MiOiJrYXQtYXJjaGl2ZS5rYXQuYWMuemEiLCJhdWQiOiJhcmNoaXZlLWd3LTEua2F0LmFjLnphIiwiaWF0IjoxNzY0NTE4NjMyLCJwcmVmaXgiOlsiMTc1MDc0Mzg5OCIsIjE3NTA3NDQ0ODYiLCIxNzUwNzU1ODEyIiwiMTc1MDk5Nzc3NiIsIjE3NTA3NTY0MjEiLCIxNzUwNjU2MzQwIiwiMTc1MDY1NDIzMyJdLCJleHAiOjE3Njk3MDI2MzIsInN1YiI6ImE5NDA4YmY0LTc2MjAtNGRiOC05MjMzLTVkZGI4NTZkZWEwNyIsInNjb3BlcyI6WyJyZWFkIl19.L3MDlIZw76zMuj4GhiRbHjVlluFaT55KsgL9Z4QJN9TRbCBJfrkCEK_j2qmt9EB5YfQ14fsRyZSVggeyF_Va8g,
23,MEERKAT,1750756421-sdp-l0,1284000000.0,856000000.0,-44d31m58.598s,4h36m33.0s,2025-06-24T11:40:42,2025-06-24T11:40:50,https://archive-gw-1.kat.ac.za/1750756421/1750756421_sdp_l0.full.rdb?token=eyJhbGciOiJFUzI1NiIsInR5cCI6IkpXVCJ9.eyJpc3MiOiJrYXQtYXJjaGl2ZS5rYXQuYWMuemEiLCJhdWQiOiJhcmNoaXZlLWd3LTEua2F0LmFjLnphIiwiaWF0IjoxNzY0NTE4NjMyLCJwcmVmaXgiOlsiMTc1MDc0Mzg5OCIsIjE3NTA3NDQ0ODYiLCIxNzUwNzU1ODEyIiwiMTc1MDk5Nzc3NiIsIjE3NTA3NTY0MjEiLCIxNzUwNjU2MzQwIiwiMTc1MDY1NDIzMyJdLCJleHAiOjE3Njk3MDI2MzIsInN1YiI6ImE5NDA4YmY0LTc2MjAtNGRiOC05MjMzLTVkZGI4NTZkZWEwNyIsInNjb3BlcyI6WyJyZWFkIl19.L3MDlIZw76zMuj4GhiRbHjVlluFaT55KsgL9Z4QJN9TRbCBJfrkCEK_j2qmt9EB5YfQ14fsRyZSVggeyF_Va8g,
24,MEERKAT,1750756421-sdp-l0,1284000000.0,856000000.0,-44d31m58.598s,4h36m33.0s,2025-06-24T11:40:58,2025-06-24T12:13:05,https://archive-gw-1.kat.ac.za/1750756421/1750756421_sdp_l0.full.rdb?token=eyJhbGciOiJFUzI1NiIsInR5cCI6IkpXVCJ9.eyJpc3MiOiJrYXQtYXJjaGl2ZS5rYXQuYWMuemEiLCJhdWQiOiJhcmNoaXZlLWd3LTEua2F0LmFjLnphIiwiaWF0IjoxNzY0NTE4NjMyLCJwcmVmaXgiOlsiMTc1MDc0Mzg5OCIsIjE3NTA3NDQ0ODYiLCIxNzUwNzU1ODEyIiwiMTc1MDk5Nzc3NiIsIjE3NTA3NTY0MjEiLCIxNzUwNjU2MzQwIiwiMTc1MDY1NDIzMyJdLCJleHAiOjE3Njk3MDI2MzIsInN1YiI6ImE5NDA4YmY0LTc2MjAtNGRiOC05MjMzLTVkZGI4NTZkZWEwNyIsInNjb3BlcyI6WyJyZWFkIl19.L3MDlIZw76zMuj4GhiRbHjVlluFaT55KsgL9Z4QJN9TRbCBJfrkCEK_j2qmt9EB5YfQ14fsRyZSVggeyF_Va8g,
25,MEERKAT,1750756421-sdp-l0,1284000000.0,856000000.0,-44d31m58.598s,4h36m33.0s,2025-06-24T12:13:13,2025-06-24T12:13:21,https://archive-gw-1.kat.ac.za/1750756421/1750756421_sdp_l0.full.rdb?token=eyJhbGciOiJFUzI1NiIsInR5cCI6IkpXVCJ9.eyJpc3MiOiJrYXQtYXJjaGl2ZS5rYXQuYWMuemEiLCJhdWQiOiJhcmNoaXZlLWd3LTEua2F0LmFjLnphIiwiaWF0IjoxNzY0NTE4NjMyLCJwcmVmaXgiOlsiMTc1MDc0Mzg5OCIsIjE3NTA3NDQ0ODYiLCIxNzUwNzU1ODEyIiwiMTc1MDk5Nzc3NiIsIjE3NTA3NTY0MjEiLCIxNzUwNjU2MzQwIiwiMTc1MDY1NDIzMyJdLCJleHAiOjE3Njk3MDI2MzIsInN1YiI6ImE5NDA4YmY0LTc2MjAtNGRiOC05MjMzLTVkZGI4NTZkZWEwNyIsInNjb3BlcyI6WyJyZWFkIl19.L3MDlIZw76zMuj4GhiRbHjVlluFaT55KsgL9Z4QJN9TRbCBJfrkCEK_j2qmt9EB5YfQ14fsRyZSVggeyF_Va8g,
26,MEERKAT,1750756421-sdp-l0,1284000000.0,856000000.0,-44d31m58.598s,4h36m33.0s,2025-06-24T12:13:29,2025-06-24T12:15:21,https://archive-gw-1.kat.ac.za/1750756421/1750756421_sdp_l0.full.rdb?token=eyJhbGciOiJFUzI1NiIsInR5cCI6IkpXVCJ9.eyJpc3MiOiJrYXQtYXJjaGl2ZS5rYXQuYWMuemEiLCJhdWQiOiJhcmNoaXZlLWd3LTEua2F0LmFjLnphIiwiaWF0IjoxNzY0NTE4NjMyLCJwcmVmaXgiOlsiMTc1MDc0Mzg5OCIsIjE3NTA3NDQ0ODYiLCIxNzUwNzU1ODEyIiwiMTc1MDk5Nzc3NiIsIjE3NTA3NTY0MjEiLCIxNzUwNjU2MzQwIiwiMTc1MDY1NDIzMyJdLCJleHAiOjE3Njk3MDI2MzIsInN1YiI6ImE5NDA4YmY0LTc2MjAtNGRiOC05MjMzLTVkZGI4NTZkZWEwNyIsInNjb3BlcyI6WyJyZWFkIl19.L3MDlIZw76zMuj4GhiRbHjVlluFaT55KsgL9Z4QJN9TRbCBJfrkCEK_j2qmt9EB5YfQ14fsRyZSVggeyF_Va8g,
27,MEERKAT,1750756421-sdp-l0,1284000000.0,856000000.0,-65d45m09.101s,4h08m20.4s,2025-06-24T12:15:29,2025-06-24T12:15:53,https://archive-gw-1.kat.ac.za/1750756421/1750756421_sdp_l0.full.rdb?token=eyJhbGciOiJFUzI1NiIsInR5cCI6IkpXVCJ9.eyJpc3MiOiJrYXQtYXJjaGl2ZS5rYXQuYWMuemEiLCJhdWQiOiJhcmNoaXZlLWd3LTEua2F0LmFjLnphIiwiaWF0IjoxNzY0NTE4NjMyLCJwcmVmaXgiOlsiMTc1MDc0Mzg5OCIsIjE3NTA3NDQ0ODYiLCIxNzUwNzU1ODEyIiwiMTc1MDk5Nzc3NiIsIjE3NTA3NTY0MjEiLCIxNzUwNjU2MzQwIiwiMTc1MDY1NDIzMyJdLCJleHAiOjE3Njk3MDI2MzIsInN1YiI6ImE5NDA4YmY0LTc2MjAtNGRiOC05MjMzLTVkZGI4NTZkZWEwNyIsInNjb3BlcyI6WyJyZWFkIl19.L3MDlIZw76zMuj4GhiRbHjVlluFaT55KsgL9Z4QJN9TRbCBJfrkCEK_j2qmt9EB5YfQ14fsRyZSVggeyF_Va8g,
28,MEERKAT,1750756421-sdp-l0,1284000000.0,856000000.0,-65d45m09.101s,4h08m20.4s,2025-06-24T12:16:01,2025-06-24T12:20:49,https://archive-gw-1.kat.ac.za/1750756421/1750756421_sdp_l0.full.rdb?token=eyJhbGciOiJFUzI1NiIsInR5cCI6IkpXVCJ9.eyJpc3MiOiJrYXQtYXJjaGl2ZS5rYXQuYWMuemEiLCJhdWQiOiJhcmNoaXZlLWd3LTEua2F0LmFjLnphIiwiaWF0IjoxNzY0NTE4NjMyLCJwcmVmaXgiOlsiMTc1MDc0Mzg5OCIsIjE3NTA3NDQ0ODYiLCIxNzUwNzU1ODEyIiwiMTc1MDk5Nzc3NiIsIjE3NTA3NTY0MjEiLCIxNzUwNjU2MzQwIiwiMTc1MDY1NDIzMyJdLCJleHAiOjE3Njk3MDI2MzIsInN1YiI6ImE5NDA4YmY0LTc2MjAtNGRiOC05MjMzLTVkZGI4NTZkZWEwNyIsInNjb3BlcyI6WyJyZWFkIl19.L3MDlIZw76zMuj4GhiRbHjVlluFaT55KsgL9Z4QJN9TRbCBJfrkCEK_j2qmt9EB5YfQ14fsRyZSVggeyF_Va8g,
29,MEERKAT,1750755812-sdp-l0,1284000000.0,856000000.0,-65d45m09.101s,4h08m20.4s,2025-06-24T09:04:26,2025-06-24T09:08:26,https://archive-gw-1.kat.ac.za/1750755812/1750755812_sdp_l0.full.rdb?token=eyJhbGciOiJFUzI1NiIsInR5cCI6IkpXVCJ9.eyJpc3MiOiJrYXQtYXJjaGl2ZS5rYXQuYWMuemEiLCJhdWQiOiJhcmNoaXZlLWd3LTEua2F0LmFjLnphIiwiaWF0IjoxNzY0NTE4NjMyLCJwcmVmaXgiOlsiMTc1MDc0Mzg5OCIsIjE3NTA3NDQ0ODYiLCIxNzUwNzU1ODEyIiwiMTc1MDk5Nzc3NiIsIjE3NTA3NTY0MjEiLCIxNzUwNjU2MzQwIiwiMTc1MDY1NDIzMyJdLCJleHAiOjE3Njk3MDI2MzIsInN1YiI6ImE5NDA4YmY0LTc2MjAtNGRiOC05MjMzLTVkZGI4NTZkZWEwNyIsInNjb3BlcyI6WyJyZWFkIl19.L3MDlIZw76zMuj4GhiRbHjVlluFaT55KsgL9Z4QJN9TRbCBJfrkCEK_j2qmt9EB5YfQ14fsRyZSVggeyF_Va8g,
30,MEERKAT,1750755812-sdp-l0,1284000000.0,856000000.0,-65d45m09.101s,4h08m20.4s,2025-06-24T09:10:58,2025-06-24T09:11:46,https://archive-gw-1.kat.ac.za/1750755812/1750755812_sdp_l0.full.rdb?token=eyJhbGciOiJFUzI1NiIsInR5cCI6IkpXVCJ9.eyJpc3MiOiJrYXQtYXJjaGl2ZS5rYXQuYWMuemEiLCJhdWQiOiJhcmNoaXZlLWd3LTEua2F0LmFjLnphIiwiaWF0IjoxNzY0NTE4NjMyLCJwcmVmaXgiOlsiMTc1MDc0Mzg5OCIsIjE3NTA3NDQ0ODYiLCIxNzUwNzU1ODEyIiwiMTc1MDk5Nzc3NiIsIjE3NTA3NTY0MjEiLCIxNzUwNjU2MzQwIiwiMTc1MDY1NDIzMyJdLCJleHAiOjE3Njk3MDI2MzIsInN1YiI6ImE5NDA4YmY0LTc2MjAtNGRiOC05MjMzLTVkZGI4NTZkZWEwNyIsInNjb3BlcyI6WyJyZWFkIl19.L3MDlIZw76zMuj4GhiRbHjVlluFaT55KsgL9Z4QJN9TRbCBJfrkCEK_j2qmt9EB5YfQ14fsRyZSVggeyF_Va8g,
31,MEERKAT,1750744486-sdp-l0,1284000000.0,856000000.0,-63d42m45.601s,19h39m25.0s,2025-06-24T05:55:05,2025-06-24T05:55:21,https://archive-gw-1.kat.ac.za/1750744486/1750744486_sdp_l0.full.rdb?token=eyJhbGciOiJFUzI1NiIsInR5cCI6IkpXVCJ9.eyJpc3MiOiJrYXQtYXJjaGl2ZS5rYXQuYWMuemEiLCJhdWQiOiJhcmNoaXZlLWd3LTEua2F0LmFjLnphIiwiaWF0IjoxNzY0NTE4NjMyLCJwcmVmaXgiOlsiMTc1MDc0Mzg5OCIsIjE3NTA3NDQ0ODYiLCIxNzUwNzU1ODEyIiwiMTc1MDk5Nzc3NiIsIjE3NTA3NTY0MjEiLCIxNzUwNjU2MzQwIiwiMTc1MDY1NDIzMyJdLCJleHAiOjE3Njk3MDI2MzIsInN1YiI6ImE5NDA4YmY0LTc2MjAtNGRiOC05MjMzLTVkZGI4NTZkZWEwNyIsInNjb3BlcyI6WyJyZWFkIl19.L3MDlIZw76zMuj4GhiRbHjVlluFaT55KsgL9Z4QJN9TRbCBJfrkCEK_j2qmt9EB5YfQ14fsRyZSVggeyF_Va8g,
32,MEERKAT,1750744486-sdp-l0,1284000000.0,856000000.0,-63d42m45.601s,19h39m25.0s,2025-06-24T05:55:29,2025-06-24T06:05:12,https://archive-gw-1.kat.ac.za/1750744486/1750744486_sdp_l0.full.rdb?token=eyJhbGciOiJFUzI1NiIsInR5cCI6IkpXVCJ9.eyJpc3MiOiJrYXQtYXJjaGl2ZS5rYXQuYWMuemEiLCJhdWQiOiJhcmNoaXZlLWd3LTEua2F0LmFjLnphIiwiaWF0IjoxNzY0NTE4NjMyLCJwcmVmaXgiOlsiMTc1MDc0Mzg5OCIsIjE3NTA3NDQ0ODYiLCIxNzUwNzU1ODEyIiwiMTc1MDk5Nzc3NiIsIjE3NTA3NTY0MjEiLCIxNzUwNjU2MzQwIiwiMTc1MDY1NDIzMyJdLCJleHAiOjE3Njk3MDI2MzIsInN1YiI6ImE5NDA4YmY0LTc2MjAtNGRiOC05MjMzLTVkZGI4NTZkZWEwNyIsInNjb3BlcyI6WyJyZWFkIl19.L3MDlIZw76zMuj4GhiRbHjVlluFaT55KsgL9Z4QJN9TRbCBJfrkCEK_j2qmt9EB5YfQ14fsRyZSVggeyF_Va8g,
33,MEERKAT,1750744486-sdp-l0,1284000000.0,856000000.0,-44d31m58.598s,4h36m33.0s,2025-06-24T06:05:20,2025-06-24T06:06:08,https://archive-gw-1.kat.ac.za/1750744486/1750744486_sdp_l0.full.rdb?token=eyJhbGciOiJFUzI1NiIsInR5cCI6IkpXVCJ9.eyJpc3MiOiJrYXQtYXJjaGl2ZS5rYXQuYWMuemEiLCJhdWQiOiJhcmNoaXZlLWd3LTEua2F0LmFjLnphIiwiaWF0IjoxNzY0NTE4NjMyLCJwcmVmaXgiOlsiMTc1MDc0Mzg5OCIsIjE3NTA3NDQ0ODYiLCIxNzUwNzU1ODEyIiwiMTc1MDk5Nzc3NiIsIjE3NTA3NTY0MjEiLCIxNzUwNjU2MzQwIiwiMTc1MDY1NDIzMyJdLCJleHAiOjE3Njk3MDI2MzIsInN1YiI6ImE5NDA4YmY0LTc2MjAtNGRiOC05MjMzLTVkZGI4NTZkZWEwNyIsInNjb3BlcyI6WyJyZWFkIl19.L3MDlIZw76zMuj4GhiRbHjVlluFaT55KsgL9Z4QJN9TRbCBJfrkCEK_j2qmt9EB5YfQ14fsRyZSVggeyF_Va8g,
34,MEERKAT,1750744486-sdp-l0,1284000000.0,856000000.0,-44d31m58.598s,4h36m33.0s,2025-06-24T06:06:16,2025-06-24T06:08:08,https://archive-gw-1.kat.ac.za/1750744486/1750744486_sdp_l0.full.rdb?token=eyJhbGciOiJFUzI1NiIsInR5cCI6IkpXVCJ9.eyJpc3MiOiJrYXQtYXJjaGl2ZS5rYXQuYWMuemEiLCJhdWQiOiJhcmNoaXZlLWd3LTEua2F0LmFjLnphIiwiaWF0IjoxNzY0NTE4NjMyLCJwcmVmaXgiOlsiMTc1MDc0Mzg5OCIsIjE3NTA3NDQ0ODYiLCIxNzUwNzU1ODEyIiwiMTc1MDk5Nzc3NiIsIjE3NTA3NTY0MjEiLCIxNzUwNjU2MzQwIiwiMTc1MDY1NDIzMyJdLCJleHAiOjE3Njk3MDI2MzIsInN1YiI6ImE5NDA4YmY0LTc2MjAtNGRiOC05MjMzLTVkZGI4NTZkZWEwNyIsInNjb3BlcyI6WyJyZWFkIl19.L3MDlIZw76zMuj4GhiRbHjVlluFaT55KsgL9Z4QJN9TRbCBJfrkCEK_j2qmt9EB5YfQ14fsRyZSVggeyF_Va8g,
35,MEERKAT,1750744486-sdp-l0,1284000000.0,856000000.0,-44d31m58.598s,4h36m33.0s,2025-06-24T06:08:16,2025-06-24T06:08:24,https://archive-gw-1.kat.ac.za/1750744486/1750744486_sdp_l0.full.rdb?token=eyJhbGciOiJFUzI1NiIsInR5cCI6IkpXVCJ9.eyJpc3MiOiJrYXQtYXJjaGl2ZS5rYXQuYWMuemEiLCJhdWQiOiJhcmNoaXZlLWd3LTEua2F0LmFjLnphIiwiaWF0IjoxNzY0NTE4NjMyLCJwcmVmaXgiOlsiMTc1MDc0Mzg5OCIsIjE3NTA3NDQ0ODYiLCIxNzUwNzU1ODEyIiwiMTc1MDk5Nzc3NiIsIjE3NTA3NTY0MjEiLCIxNzUwNjU2MzQwIiwiMTc1MDY1NDIzMyJdLCJleHAiOjE3Njk3MDI2MzIsInN1YiI6ImE5NDA4YmY0LTc2MjAtNGRiOC05MjMzLTVkZGI4NTZkZWEwNyIsInNjb3BlcyI6WyJyZWFkIl19.L3MDlIZw76zMuj4GhiRbHjVlluFaT55KsgL9Z4QJN9TRbCBJfrkCEK_j2qmt9EB5YfQ14fsRyZSVggeyF_Va8g,
36,MEERKAT,1750744486-sdp-l0,1284000000.0,856000000.0,-44d31m58.598s,4h36m33.0s,2025-06-24T06:08:32,2025-06-24T06:40:39,https://archive-gw-1.kat.ac.za/1750744486/1750744486_sdp_l0.full.rdb?token=eyJhbGciOiJFUzI1NiIsInR5cCI6IkpXVCJ9.eyJpc3MiOiJrYXQtYXJjaGl2ZS5rYXQuYWMuemEiLCJhdWQiOiJhcmNoaXZlLWd3LTEua2F0LmFjLnphIiwiaWF0IjoxNzY0NTE4NjMyLCJwcmVmaXgiOlsiMTc1MDc0Mzg5OCIsIjE3NTA3NDQ0ODYiLCIxNzUwNzU1ODEyIiwiMTc1MDk5Nzc3NiIsIjE3NTA3NTY0MjEiLCIxNzUwNjU2MzQwIiwiMTc1MDY1NDIzMyJdLCJleHAiOjE3Njk3MDI2MzIsInN1YiI6ImE5NDA4YmY0LTc2MjAtNGRiOC05MjMzLTVkZGI4NTZkZWEwNyIsInNjb3BlcyI6WyJyZWFkIl19.L3MDlIZw76zMuj4GhiRbHjVlluFaT55KsgL9Z4QJN9TRbCBJfrkCEK_j2qmt9EB5YfQ14fsRyZSVggeyF_Va8g,
37,MEERKAT,1750744486-sdp-l0,1284000000.0,856000000.0,-44d31m58.598s,4h36m33.0s,2025-06-24T06:40:47,2025-06-24T06:40:55,https://archive-gw-1.kat.ac.za/1750744486/1750744486_sdp_l0.full.rdb?token=eyJhbGciOiJFUzI1NiIsInR5cCI6IkpXVCJ9.eyJpc3MiOiJrYXQtYXJjaGl2ZS5rYXQuYWMuemEiLCJhdWQiOiJhcmNoaXZlLWd3LTEua2F0LmFjLnphIiwiaWF0IjoxNzY0NTE4NjMyLCJwcmVmaXgiOlsiMTc1MDc0Mzg5OCIsIjE3NTA3NDQ0ODYiLCIxNzUwNzU1ODEyIiwiMTc1MDk5Nzc3NiIsIjE3NTA3NTY0MjEiLCIxNzUwNjU2MzQwIiwiMTc1MDY1NDIzMyJdLCJleHAiOjE3Njk3MDI2MzIsInN1YiI6ImE5NDA4YmY0LTc2MjAtNGRiOC05MjMzLTVkZGI4NTZkZWEwNyIsInNjb3BlcyI6WyJyZWFkIl19.L3MDlIZw76zMuj4GhiRbHjVlluFaT55KsgL9Z4QJN9TRbCBJfrkCEK_j2qmt9EB5YfQ14fsRyZSVggeyF_Va8g,
38,MEERKAT,1750744486-sdp-l0,1284000000.0,856000000.0,-44d31m58.598s,4h36m33.0s,2025-06-24T06:41:03,2025-06-24T06:42:47,https://archive-gw-1.kat.ac.za/1750744486/1750744486_sdp_l0.full.rdb?token=eyJhbGciOiJFUzI1NiIsInR5cCI6IkpXVCJ9.eyJpc3MiOiJrYXQtYXJjaGl2ZS5rYXQuYWMuemEiLCJhdWQiOiJhcmNoaXZlLWd3LTEua2F0LmFjLnphIiwiaWF0IjoxNzY0NTE4NjMyLCJwcmVmaXgiOlsiMTc1MDc0Mzg5OCIsIjE3NTA3NDQ0ODYiLCIxNzUwNzU1ODEyIiwiMTc1MDk5Nzc3NiIsIjE3NTA3NTY0MjEiLCIxNzUwNjU2MzQwIiwiMTc1MDY1NDIzMyJdLCJleHAiOjE3Njk3MDI2MzIsInN1YiI6ImE5NDA4YmY0LTc2MjAtNGRiOC05MjMzLTVkZGI4NTZkZWEwNyIsInNjb3BlcyI6WyJyZWFkIl19.L3MDlIZw76zMuj4GhiRbHjVlluFaT55KsgL9Z4QJN9TRbCBJfrkCEK_j2qmt9EB5YfQ14fsRyZSVggeyF_Va8g,
39,MEERKAT,1750744486-sdp-l0,1284000000.0,856000000.0,-44d31m58.598s,4h36m33.0s,2025-06-24T06:42:55,2025-06-24T06:43:03,https://archive-gw-1.kat.ac.za/1750744486/1750744486_sdp_l0.full.rdb?token=eyJhbGciOiJFUzI1NiIsInR5cCI6IkpXVCJ9.eyJpc3MiOiJrYXQtYXJjaGl2ZS5rYXQuYWMuemEiLCJhdWQiOiJhcmNoaXZlLWd3LTEua2F0LmFjLnphIiwiaWF0IjoxNzY0NTE4NjMyLCJwcmVmaXgiOlsiMTc1MDc0Mzg5OCIsIjE3NTA3NDQ0ODYiLCIxNzUwNzU1ODEyIiwiMTc1MDk5Nzc3NiIsIjE3NTA3NTY0MjEiLCIxNzUwNjU2MzQwIiwiMTc1MDY1NDIzMyJdLCJleHAiOjE3Njk3MDI2MzIsInN1YiI6ImE5NDA4YmY0LTc2MjAtNGRiOC05MjMzLTVkZGI4NTZkZWEwNyIsInNjb3BlcyI6WyJyZWFkIl19.L3MDlIZw76zMuj4GhiRbHjVlluFaT55KsgL9Z4QJN9TRbCBJfrkCEK_j2qmt9EB5YfQ14fsRyZSVggeyF_Va8g,
40,MEERKAT,1750744486-sdp-l0,1284000000.0,856000000.0,-44d31m58.598s,4h36m33.0s,2025-06-24T06:43:11,2025-06-24T07:15:18,https://archive-gw-1.kat.ac.za/1750744486/1750744486_sdp_l0.full.rdb?token=eyJhbGciOiJFUzI1NiIsInR5cCI6IkpXVCJ9.eyJpc3MiOiJrYXQtYXJjaGl2ZS5rYXQuYWMuemEiLCJhdWQiOiJhcmNoaXZlLWd3LTEua2F0LmFjLnphIiwiaWF0IjoxNzY0NTE4NjMyLCJwcmVmaXgiOlsiMTc1MDc0Mzg5OCIsIjE3NTA3NDQ0ODYiLCIxNzUwNzU1ODEyIiwiMTc1MDk5Nzc3NiIsIjE3NTA3NTY0MjEiLCIxNzUwNjU2MzQwIiwiMTc1MDY1NDIzMyJdLCJleHAiOjE3Njk3MDI2MzIsInN1YiI6ImE5NDA4YmY0LTc2MjAtNGRiOC05MjMzLTVkZGI4NTZkZWEwNyIsInNjb3BlcyI6WyJyZWFkIl19.L3MDlIZw76zMuj4GhiRbHjVlluFaT55KsgL9Z4QJN9TRbCBJfrkCEK_j2qmt9EB5YfQ14fsRyZSVggeyF_Va8g,
41,MEERKAT,1750744486-sdp-l0,1284000000.0,856000000.0,-44d31m58.598s,4h36m33.0s,2025-06-24T07:15:26,2025-06-24T07:15:34,https://archive-gw-1.kat.ac.za/1750744486/1750744486_sdp_l0.full.rdb?token=eyJhbGciOiJFUzI1NiIsInR5cCI6IkpXVCJ9.eyJpc3MiOiJrYXQtYXJjaGl2ZS5rYXQuYWMuemEiLCJhdWQiOiJhcmNoaXZlLWd3LTEua2F0LmFjLnphIiwiaWF0IjoxNzY0NTE4NjMyLCJwcmVmaXgiOlsiMTc1MDc0Mzg5OCIsIjE3NTA3NDQ0ODYiLCIxNzUwNzU1ODEyIiwiMTc1MDk5Nzc3NiIsIjE3NTA3NTY0MjEiLCIxNzUwNjU2MzQwIiwiMTc1MDY1NDIzMyJdLCJleHAiOjE3Njk3MDI2MzIsInN1YiI6ImE5NDA4YmY0LTc2MjAtNGRiOC05MjMzLTVkZGI4NTZkZWEwNyIsInNjb3BlcyI6WyJyZWFkIl19.L3MDlIZw76zMuj4GhiRbHjVlluFaT55KsgL9Z4QJN9TRbCBJfrkCEK_j2qmt9EB5YfQ14fsRyZSVggeyF_Va8g,
42,MEERKAT,1750744486-sdp-l0,1284000000.0,856000000.0,-44d31m58.598s,4h36m33.0s,2025-06-24T07:15:42,2025-06-24T07:17:34,https://archive-gw-1.kat.ac.za/1750744486/1750744486_sdp_l0.full.rdb?token=eyJhbGciOiJFUzI1NiIsInR5cCI6IkpXVCJ9.eyJpc3MiOiJrYXQtYXJjaGl2ZS5rYXQuYWMuemEiLCJhdWQiOiJhcmNoaXZlLWd3LTEua2F0LmFjLnphIiwiaWF0IjoxNzY0NTE4NjMyLCJwcmVmaXgiOlsiMTc1MDc0Mzg5OCIsIjE3NTA3NDQ0ODYiLCIxNzUwNzU1ODEyIiwiMTc1MDk5Nzc3NiIsIjE3NTA3NTY0MjEiLCIxNzUwNjU2MzQwIiwiMTc1MDY1NDIzMyJdLCJleHAiOjE3Njk3MDI2MzIsInN1YiI6ImE5NDA4YmY0LTc2MjAtNGRiOC05MjMzLTVkZGI4NTZkZWEwNyIsInNjb3BlcyI6WyJyZWFkIl19.L3MDlIZw76zMuj4GhiRbHjVlluFaT55KsgL9Z4QJN9TRbCBJfrkCEK_j2qmt9EB5YfQ14fsRyZSVggeyF_Va8g,
43,MEERKAT,1750744486-sdp-l0,1284000000.0,856000000.0,-44d31m58.598s,4h36m33.0s,2025-06-24T07:17:42,2025-06-24T07:17:50,https://archive-gw-1.kat.ac.za/1750744486/1750744486_sdp_l0.full.rdb?token=eyJhbGciOiJFUzI1NiIsInR5cCI6IkpXVCJ9.eyJpc3MiOiJrYXQtYXJjaGl2ZS5rYXQuYWMuemEiLCJhdWQiOiJhcmNoaXZlLWd3LTEua2F0LmFjLnphIiwiaWF0IjoxNzY0NTE4NjMyLCJwcmVmaXgiOlsiMTc1MDc0Mzg5OCIsIjE3NTA3NDQ0ODYiLCIxNzUwNzU1ODEyIiwiMTc1MDk5Nzc3NiIsIjE3NTA3NTY0MjEiLCIxNzUwNjU2MzQwIiwiMTc1MDY1NDIzMyJdLCJleHAiOjE3Njk3MDI2MzIsInN1YiI6ImE5NDA4YmY0LTc2MjAtNGRiOC05MjMzLTVkZGI4NTZkZWEwNyIsInNjb3BlcyI6WyJyZWFkIl19.L3MDlIZw76zMuj4GhiRbHjVlluFaT55KsgL9Z4QJN9TRbCBJfrkCEK_j2qmt9EB5YfQ14fsRyZSVggeyF_Va8g,
44,MEERKAT,1750744486-sdp-l0,1284000000.0,856000000.0,-44d31m58.598s,4h36m33.0s,2025-06-24T07:17:58,2025-06-24T07:50:06,https://archive-gw-1.kat.ac.za/1750744486/1750744486_sdp_l0.full.rdb?token=eyJhbGciOiJFUzI1NiIsInR5cCI6IkpXVCJ9.eyJpc3MiOiJrYXQtYXJjaGl2ZS5rYXQuYWMuemEiLCJhdWQiOiJhcmNoaXZlLWd3LTEua2F0LmFjLnphIiwiaWF0IjoxNzY0NTE4NjMyLCJwcmVmaXgiOlsiMTc1MDc0Mzg5OCIsIjE3NTA3NDQ0ODYiLCIxNzUwNzU1ODEyIiwiMTc1MDk5Nzc3NiIsIjE3NTA3NTY0MjEiLCIxNzUwNjU2MzQwIiwiMTc1MDY1NDIzMyJdLCJleHAiOjE3Njk3MDI2MzIsInN1YiI6ImE5NDA4YmY0LTc2MjAtNGRiOC05MjMzLTVkZGI4NTZkZWEwNyIsInNjb3BlcyI6WyJyZWFkIl19.L3MDlIZw76zMuj4GhiRbHjVlluFaT55KsgL9Z4QJN9TRbCBJfrkCEK_j2qmt9EB5YfQ14fsRyZSVggeyF_Va8g,
45,MEERKAT,1750744486-sdp-l0,1284000000.0,856000000.0,-44d31m58.598s,4h36m33.0s,2025-06-24T07:50:14,2025-06-24T07:50:22,https://archive-gw-1.kat.ac.za/1750744486/1750744486_sdp_l0.full.rdb?token=eyJhbGciOiJFUzI1NiIsInR5cCI6IkpXVCJ9.eyJpc3MiOiJrYXQtYXJjaGl2ZS5rYXQuYWMuemEiLCJhdWQiOiJhcmNoaXZlLWd3LTEua2F0LmFjLnphIiwiaWF0IjoxNzY0NTE4NjMyLCJwcmVmaXgiOlsiMTc1MDc0Mzg5OCIsIjE3NTA3NDQ0ODYiLCIxNzUwNzU1ODEyIiwiMTc1MDk5Nzc3NiIsIjE3NTA3NTY0MjEiLCIxNzUwNjU2MzQwIiwiMTc1MDY1NDIzMyJdLCJleHAiOjE3Njk3MDI2MzIsInN1YiI6ImE5NDA4YmY0LTc2MjAtNGRiOC05MjMzLTVkZGI4NTZkZWEwNyIsInNjb3BlcyI6WyJyZWFkIl19.L3MDlIZw76zMuj4GhiRbHjVlluFaT55KsgL9Z4QJN9TRbCBJfrkCEK_j2qmt9EB5YfQ14fsRyZSVggeyF_Va8g,
46,MEERKAT,1750744486-sdp-l0,1284000000.0,856000000.0,-44d31m58.598s,4h36m33.0s,2025-06-24T07:50:30,2025-06-24T07:52:14,https://archive-gw-1.kat.ac.za/1750744486/1750744486_sdp_l0.full.rdb?token=eyJhbGciOiJFUzI1NiIsInR5cCI6IkpXVCJ9.eyJpc3MiOiJrYXQtYXJjaGl2ZS5rYXQuYWMuemEiLCJhdWQiOiJhcmNoaXZlLWd3LTEua2F0LmFjLnphIiwiaWF0IjoxNzY0NTE4NjMyLCJwcmVmaXgiOlsiMTc1MDc0Mzg5OCIsIjE3NTA3NDQ0ODYiLCIxNzUwNzU1ODEyIiwiMTc1MDk5Nzc3NiIsIjE3NTA3NTY0MjEiLCIxNzUwNjU2MzQwIiwiMTc1MDY1NDIzMyJdLCJleHAiOjE3Njk3MDI2MzIsInN1YiI6ImE5NDA4YmY0LTc2MjAtNGRiOC05MjMzLTVkZGI4NTZkZWEwNyIsInNjb3BlcyI6WyJyZWFkIl19.L3MDlIZw76zMuj4GhiRbHjVlluFaT55KsgL9Z4QJN9TRbCBJfrkCEK_j2qmt9EB5YfQ14fsRyZSVggeyF_Va8g,
47,MEERKAT,1750744486-sdp-l0,1284000000.0,856000000.0,-44d31m58.598s,4h36m33.0s,2025-06-24T07:52:22,2025-06-24T07:52:30,https://archive-gw-1.kat.ac.za/1750744486/1750744486_sdp_l0.full.rdb?token=eyJhbGciOiJFUzI1NiIsInR5cCI6IkpXVCJ9.eyJpc3MiOiJrYXQtYXJjaGl2ZS5rYXQuYWMuemEiLCJhdWQiOiJhcmNoaXZlLWd3LTEua2F0LmFjLnphIiwiaWF0IjoxNzY0NTE4NjMyLCJwcmVmaXgiOlsiMTc1MDc0Mzg5OCIsIjE3NTA3NDQ0ODYiLCIxNzUwNzU1ODEyIiwiMTc1MDk5Nzc3NiIsIjE3NTA3NTY0MjEiLCIxNzUwNjU2MzQwIiwiMTc1MDY1NDIzMyJdLCJleHAiOjE3Njk3MDI2MzIsInN1YiI6ImE5NDA4YmY0LTc2MjAtNGRiOC05MjMzLTVkZGI4NTZkZWEwNyIsInNjb3BlcyI6WyJyZWFkIl19.L3MDlIZw76zMuj4GhiRbHjVlluFaT55KsgL9Z4QJN9TRbCBJfrkCEK_j2qmt9EB5YfQ14fsRyZSVggeyF_Va8g,
48,MEERKAT,1750744486-sdp-l0,1284000000.0,856000000.0,-44d31m58.598s,4h36m33.0s,2025-06-24T07:52:38,2025-06-24T08:24:45,https://archive-gw-1.kat.ac.za/1750744486/1750744486_sdp_l0.full.rdb?token=eyJhbGciOiJFUzI1NiIsInR5cCI6IkpXVCJ9.eyJpc3MiOiJrYXQtYXJjaGl2ZS5rYXQuYWMuemEiLCJhdWQiOiJhcmNoaXZlLWd3LTEua2F0LmFjLnphIiwiaWF0IjoxNzY0NTE4NjMyLCJwcmVmaXgiOlsiMTc1MDc0Mzg5OCIsIjE3NTA3NDQ0ODYiLCIxNzUwNzU1ODEyIiwiMTc1MDk5Nzc3NiIsIjE3NTA3NTY0MjEiLCIxNzUwNjU2MzQwIiwiMTc1MDY1NDIzMyJdLCJleHAiOjE3Njk3MDI2MzIsInN1YiI6ImE5NDA4YmY0LTc2MjAtNGRiOC05MjMzLTVkZGI4NTZkZWEwNyIsInNjb3BlcyI6WyJyZWFkIl19.L3MDlIZw76zMuj4GhiRbHjVlluFaT55KsgL9Z4QJN9TRbCBJfrkCEK_j2qmt9EB5YfQ14fsRyZSVggeyF_Va8g,
49,MEERKAT,1750744486-sdp-l0,1284000000.0,856000000.0,-44d31m58.598s,4h36m33.0s,2025-06-24T08:24:53,2025-06-24T08:25:09,https://archive-gw-1.kat.ac.za/1750744486/1750744486_sdp_l0.full.rdb?token=eyJhbGciOiJFUzI1NiIsInR5cCI6IkpXVCJ9.eyJpc3MiOiJrYXQtYXJjaGl2ZS5rYXQuYWMuemEiLCJhdWQiOiJhcmNoaXZlLWd3LTEua2F0LmFjLnphIiwiaWF0IjoxNzY0NTE4NjMyLCJwcmVmaXgiOlsiMTc1MDc0Mzg5OCIsIjE3NTA3NDQ0ODYiLCIxNzUwNzU1ODEyIiwiMTc1MDk5Nzc3NiIsIjE3NTA3NTY0MjEiLCIxNzUwNjU2MzQwIiwiMTc1MDY1NDIzMyJdLCJleHAiOjE3Njk3MDI2MzIsInN1YiI6ImE5NDA4YmY0LTc2MjAtNGRiOC05MjMzLTVkZGI4NTZkZWEwNyIsInNjb3BlcyI6WyJyZWFkIl19.L3MDlIZw76zMuj4GhiRbHjVlluFaT55KsgL9Z4QJN9TRbCBJfrkCEK_j2qmt9EB5YfQ14fsRyZSVggeyF_Va8g,
50,MEERKAT,1750744486-sdp-l0,1284000000.0,856000000.0,-44d31m58.598s,4h36m33.0s,2025-06-24T08:25:17,2025-06-24T08:27:01,https://archive-gw-1.kat.ac.za/1750744486/1750744486_sdp_l0.full.rdb?token=eyJhbGciOiJFUzI1NiIsInR5cCI6IkpXVCJ9.eyJpc3MiOiJrYXQtYXJjaGl2ZS5rYXQuYWMuemEiLCJhdWQiOiJhcmNoaXZlLWd3LTEua2F0LmFjLnphIiwiaWF0IjoxNzY0NTE4NjMyLCJwcmVmaXgiOlsiMTc1MDc0Mzg5OCIsIjE3NTA3NDQ0ODYiLCIxNzUwNzU1ODEyIiwiMTc1MDk5Nzc3NiIsIjE3NTA3NTY0MjEiLCIxNzUwNjU2MzQwIiwiMTc1MDY1NDIzMyJdLCJleHAiOjE3Njk3MDI2MzIsInN1YiI6ImE5NDA4YmY0LTc2MjAtNGRiOC05MjMzLTVkZGI4NTZkZWEwNyIsInNjb3BlcyI6WyJyZWFkIl19.L3MDlIZw76zMuj4GhiRbHjVlluFaT55KsgL9Z4QJN9TRbCBJfrkCEK_j2qmt9EB5YfQ14fsRyZSVggeyF_Va8g,
51,MEERKAT,1750744486-sdp-l0,1284000000.0,856000000.0,-44d31m58.598s,4h36m33.0s,2025-06-24T08:27:09,2025-06-24T08:27:17,https://archive-gw-1.kat.ac.za/1750744486/1750744486_sdp_l0.full.rdb?token=eyJhbGciOiJFUzI1NiIsInR5cCI6IkpXVCJ9.eyJpc3MiOiJrYXQtYXJjaGl2ZS5rYXQuYWMuemEiLCJhdWQiOiJhcmNoaXZlLWd3LTEua2F0LmFjLnphIiwiaWF0IjoxNzY0NTE4NjMyLCJwcmVmaXgiOlsiMTc1MDc0Mzg5OCIsIjE3NTA3NDQ0ODYiLCIxNzUwNzU1ODEyIiwiMTc1MDk5Nzc3NiIsIjE3NTA3NTY0MjEiLCIxNzUwNjU2MzQwIiwiMTc1MDY1NDIzMyJdLCJleHAiOjE3Njk3MDI2MzIsInN1YiI6ImE5NDA4YmY0LTc2MjAtNGRiOC05MjMzLTVkZGI4NTZkZWEwNyIsInNjb3BlcyI6WyJyZWFkIl19.L3MDlIZw76zMuj4GhiRbHjVlluFaT55KsgL9Z4QJN9TRbCBJfrkCEK_j2qmt9EB5YfQ14fsRyZSVggeyF_Va8g,
52,MEERKAT,1750744486-sdp-l0,1284000000.0,856000000.0,-44d31m58.598s,4h36m33.0s,2025-06-24T08:27:25,2025-06-24T08:59:32,https://archive-gw-1.kat.ac.za/1750744486/1750744486_sdp_l0.full.rdb?token=eyJhbGciOiJFUzI1NiIsInR5cCI6IkpXVCJ9.eyJpc3MiOiJrYXQtYXJjaGl2ZS5rYXQuYWMuemEiLCJhdWQiOiJhcmNoaXZlLWd3LTEua2F0LmFjLnphIiwiaWF0IjoxNzY0NTE4NjMyLCJwcmVmaXgiOlsiMTc1MDc0Mzg5OCIsIjE3NTA3NDQ0ODYiLCIxNzUwNzU1ODEyIiwiMTc1MDk5Nzc3NiIsIjE3NTA3NTY0MjEiLCIxNzUwNjU2MzQwIiwiMTc1MDY1NDIzMyJdLCJleHAiOjE3Njk3MDI2MzIsInN1YiI6ImE5NDA4YmY0LTc2MjAtNGRiOC05MjMzLTVkZGI4NTZkZWEwNyIsInNjb3BlcyI6WyJyZWFkIl19.L3MDlIZw76zMuj4GhiRbHjVlluFaT55KsgL9Z4QJN9TRbCBJfrkCEK_j2qmt9EB5YfQ14fsRyZSVggeyF_Va8g,
53,MEERKAT,1750744486-sdp-l0,1284000000.0,856000000.0,-44d31m58.598s,4h36m33.0s,2025-06-24T08:59:40,2025-06-24T08:59:48,https://archive-gw-1.kat.ac.za/1750744486/1750744486_sdp_l0.full.rdb?token=eyJhbGciOiJFUzI1NiIsInR5cCI6IkpXVCJ9.eyJpc3MiOiJrYXQtYXJjaGl2ZS5rYXQuYWMuemEiLCJhdWQiOiJhcmNoaXZlLWd3LTEua2F0LmFjLnphIiwiaWF0IjoxNzY0NTE4NjMyLCJwcmVmaXgiOlsiMTc1MDc0Mzg5OCIsIjE3NTA3NDQ0ODYiLCIxNzUwNzU1ODEyIiwiMTc1MDk5Nzc3NiIsIjE3NTA3NTY0MjEiLCIxNzUwNjU2MzQwIiwiMTc1MDY1NDIzMyJdLCJleHAiOjE3Njk3MDI2MzIsInN1YiI6ImE5NDA4YmY0LTc2MjAtNGRiOC05MjMzLTVkZGI4NTZkZWEwNyIsInNjb3BlcyI6WyJyZWFkIl19.L3MDlIZw76zMuj4GhiRbHjVlluFaT55KsgL9Z4QJN9TRbCBJfrkCEK_j2qmt9EB5YfQ14fsRyZSVggeyF_Va8g,
54,MEERKAT,1750744486-sdp-l0,1284000000.0,856000000.0,-44d31m58.598s,4h36m33.0s,2025-06-24T08:59:56,2025-06-24T09:01:48,https://archive-gw-1.kat.ac.za/1750744486/1750744486_sdp_l0.full.rdb?token=eyJhbGciOiJFUzI1NiIsInR5cCI6IkpXVCJ9.eyJpc3MiOiJrYXQtYXJjaGl2ZS5rYXQuYWMuemEiLCJhdWQiOiJhcmNoaXZlLWd3LTEua2F0LmFjLnphIiwiaWF0IjoxNzY0NTE4NjMyLCJwcmVmaXgiOlsiMTc1MDc0Mzg5OCIsIjE3NTA3NDQ0ODYiLCIxNzUwNzU1ODEyIiwiMTc1MDk5Nzc3NiIsIjE3NTA3NTY0MjEiLCIxNzUwNjU2MzQwIiwiMTc1MDY1NDIzMyJdLCJleHAiOjE3Njk3MDI2MzIsInN1YiI6ImE5NDA4YmY0LTc2MjAtNGRiOC05MjMzLTVkZGI4NTZkZWEwNyIsInNjb3BlcyI6WyJyZWFkIl19.L3MDlIZw76zMuj4GhiRbHjVlluFaT55KsgL9Z4QJN9TRbCBJfrkCEK_j2qmt9EB5YfQ14fsRyZSVggeyF_Va8g,
55,MEERKAT,1750743898-sdp-l0,1284000000.0,856000000.0,-63d42m45.601s,19h39m25.0s,2025-06-24T05:45:25,2025-06-24T05:49:25,https://archive-gw-1.kat.ac.za/1750743898/1750743898_sdp_l0.full.rdb?token=eyJhbGciOiJFUzI1NiIsInR5cCI6IkpXVCJ9.eyJpc3MiOiJrYXQtYXJjaGl2ZS5rYXQuYWMuemEiLCJhdWQiOiJhcmNoaXZlLWd3LTEua2F0LmFjLnphIiwiaWF0IjoxNzY0NTE4NjMyLCJwcmVmaXgiOlsiMTc1MDc0Mzg5OCIsIjE3NTA3NDQ0ODYiLCIxNzUwNzU1ODEyIiwiMTc1MDk5Nzc3NiIsIjE3NTA3NTY0MjEiLCIxNzUwNjU2MzQwIiwiMTc1MDY1NDIzMyJdLCJleHAiOjE3Njk3MDI2MzIsInN1YiI6ImE5NDA4YmY0LTc2MjAtNGRiOC05MjMzLTVkZGI4NTZkZWEwNyIsInNjb3BlcyI6WyJyZWFkIl19.L3MDlIZw76zMuj4GhiRbHjVlluFaT55KsgL9Z4QJN9TRbCBJfrkCEK_j2qmt9EB5YfQ14fsRyZSVggeyF_Va8g,
56,MEERKAT,1750743898-sdp-l0,1284000000.0,856000000.0,-63d42m45.601s,19h39m25.0s,2025-06-24T05:51:57,2025-06-24T05:52:45,https://archive-gw-1.kat.ac.za/1750743898/1750743898_sdp_l0.full.rdb?token=eyJhbGciOiJFUzI1NiIsInR5cCI6IkpXVCJ9.eyJpc3MiOiJrYXQtYXJjaGl2ZS5rYXQuYWMuemEiLCJhdWQiOiJhcmNoaXZlLWd3LTEua2F0LmFjLnphIiwiaWF0IjoxNzY0NTE4NjMyLCJwcmVmaXgiOlsiMTc1MDc0Mzg5OCIsIjE3NTA3NDQ0ODYiLCIxNzUwNzU1ODEyIiwiMTc1MDk5Nzc3NiIsIjE3NTA3NTY0MjEiLCIxNzUwNjU2MzQwIiwiMTc1MDY1NDIzMyJdLCJleHAiOjE3Njk3MDI2MzIsInN1YiI6ImE5NDA4YmY0LTc2MjAtNGRiOC05MjMzLTVkZGI4NTZkZWEwNyIsInNjb3BlcyI6WyJyZWFkIl19.L3MDlIZw76zMuj4GhiRbHjVlluFaT55KsgL9Z4QJN9TRbCBJfrkCEK_j2qmt9EB5YfQ14fsRyZSVggeyF_Va8g,
57,MEERKAT,1750656340-sdp-l0,1284000000.0,856000000.0,-63d42m45.601s,19h39m25.0s,2025-06-23T05:26:13,2025-06-23T05:26:53,https://archive-gw-1.kat.ac.za/1750656340/1750656340_sdp_l0.full.rdb?token=eyJhbGciOiJFUzI1NiIsInR5cCI6IkpXVCJ9.eyJpc3MiOiJrYXQtYXJjaGl2ZS5rYXQuYWMuemEiLCJhdWQiOiJhcmNoaXZlLWd3LTEua2F0LmFjLnphIiwiaWF0IjoxNzY0NTE4NjMyLCJwcmVmaXgiOlsiMTc1MDc0Mzg5OCIsIjE3NTA3NDQ0ODYiLCIxNzUwNzU1ODEyIiwiMTc1MDk5Nzc3NiIsIjE3NTA3NTY0MjEiLCIxNzUwNjU2MzQwIiwiMTc1MDY1NDIzMyJdLCJleHAiOjE3Njk3MDI2MzIsInN1YiI6ImE5NDA4YmY0LTc2MjAtNGRiOC05MjMzLTVkZGI4NTZkZWEwNyIsInNjb3BlcyI6WyJyZWFkIl19.L3MDlIZw76zMuj4GhiRbHjVlluFaT55KsgL9Z4QJN9TRbCBJfrkCEK_j2qmt9EB5YfQ14fsRyZSVggeyF_Va8g,
58,MEERKAT,1750656340-sdp-l0,1284000000.0,856000000.0,-63d42m45.601s,19h39m25.0s,2025-06-23T05:27:01,2025-06-23T05:31:49,https://archive-gw-1.kat.ac.za/1750656340/1750656340_sdp_l0.full.rdb?token=eyJhbGciOiJFUzI1NiIsInR5cCI6IkpXVCJ9.eyJpc3MiOiJrYXQtYXJjaGl2ZS5rYXQuYWMuemEiLCJhdWQiOiJhcmNoaXZlLWd3LTEua2F0LmFjLnphIiwiaWF0IjoxNzY0NTE4NjMyLCJwcmVmaXgiOlsiMTc1MDc0Mzg5OCIsIjE3NTA3NDQ0ODYiLCIxNzUwNzU1ODEyIiwiMTc1MDk5Nzc3NiIsIjE3NTA3NTY0MjEiLCIxNzUwNjU2MzQwIiwiMTc1MDY1NDIzMyJdLCJleHAiOjE3Njk3MDI2MzIsInN1YiI6ImE5NDA4YmY0LTc2MjAtNGRiOC05MjMzLTVkZGI4NTZkZWEwNyIsInNjb3BlcyI6WyJyZWFkIl19.L3MDlIZw76zMuj4GhiRbHjVlluFaT55KsgL9Z4QJN9TRbCBJfrkCEK_j2qmt9EB5YfQ14fsRyZSVggeyF_Va8g,
59,MEERKAT,1750656340-sdp-l0,1284000000.0,856000000.0,-44d31m58.598s,4h36m33.0s,2025-06-23T05:31:57,2025-06-23T05:32:45,https://archive-gw-1.kat.ac.za/1750656340/1750656340_sdp_l0.full.rdb?token=eyJhbGciOiJFUzI1NiIsInR5cCI6IkpXVCJ9.eyJpc3MiOiJrYXQtYXJjaGl2ZS5rYXQuYWMuemEiLCJhdWQiOiJhcmNoaXZlLWd3LTEua2F0LmFjLnphIiwiaWF0IjoxNzY0NTE4NjMyLCJwcmVmaXgiOlsiMTc1MDc0Mzg5OCIsIjE3NTA3NDQ0ODYiLCIxNzUwNzU1ODEyIiwiMTc1MDk5Nzc3NiIsIjE3NTA3NTY0MjEiLCIxNzUwNjU2MzQwIiwiMTc1MDY1NDIzMyJdLCJleHAiOjE3Njk3MDI2MzIsInN1YiI6ImE5NDA4YmY0LTc2MjAtNGRiOC05MjMzLTVkZGI4NTZkZWEwNyIsInNjb3BlcyI6WyJyZWFkIl19.L3MDlIZw76zMuj4GhiRbHjVlluFaT55KsgL9Z4QJN9TRbCBJfrkCEK_j2qmt9EB5YfQ14fsRyZSVggeyF_Va8g,
60,MEERKAT,1750656340-sdp-l0,1284000000.0,856000000.0,-44d31m58.598s,4h36m33.0s,2025-06-23T05:32:53,2025-06-23T05:34:45,https://archive-gw-1.kat.ac.za/1750656340/1750656340_sdp_l0.full.rdb?token=eyJhbGciOiJFUzI1NiIsInR5cCI6IkpXVCJ9.eyJpc3MiOiJrYXQtYXJjaGl2ZS5rYXQuYWMuemEiLCJhdWQiOiJhcmNoaXZlLWd3LTEua2F0LmFjLnphIiwiaWF0IjoxNzY0NTE4NjMyLCJwcmVmaXgiOlsiMTc1MDc0Mzg5OCIsIjE3NTA3NDQ0ODYiLCIxNzUwNzU1ODEyIiwiMTc1MDk5Nzc3NiIsIjE3NTA3NTY0MjEiLCIxNzUwNjU2MzQwIiwiMTc1MDY1NDIzMyJdLCJleHAiOjE3Njk3MDI2MzIsInN1YiI6ImE5NDA4YmY0LTc2MjAtNGRiOC05MjMzLTVkZGI4NTZkZWEwNyIsInNjb3BlcyI6WyJyZWFkIl19.L3MDlIZw76zMuj4GhiRbHjVlluFaT55KsgL9Z4QJN9TRbCBJfrkCEK_j2qmt9EB5YfQ14fsRyZSVggeyF_Va8g,
61,MEERKAT,1750656340-sdp-l0,1284000000.0,856000000.0,-44d31m58.598s,4h36m33.0s,2025-06-23T05:34:53,2025-06-23T05:35:01,https://archive-gw-1.kat.ac.za/1750656340/1750656340_sdp_l0.full.rdb?token=eyJhbGciOiJFUzI1NiIsInR5cCI6IkpXVCJ9.eyJpc3MiOiJrYXQtYXJjaGl2ZS5rYXQuYWMuemEiLCJhdWQiOiJhcmNoaXZlLWd3LTEua2F0LmFjLnphIiwiaWF0IjoxNzY0NTE4NjMyLCJwcmVmaXgiOlsiMTc1MDc0Mzg5OCIsIjE3NTA3NDQ0ODYiLCIxNzUwNzU1ODEyIiwiMTc1MDk5Nzc3NiIsIjE3NTA3NTY0MjEiLCIxNzUwNjU2MzQwIiwiMTc1MDY1NDIzMyJdLCJleHAiOjE3Njk3MDI2MzIsInN1YiI6ImE5NDA4YmY0LTc2MjAtNGRiOC05MjMzLTVkZGI4NTZkZWEwNyIsInNjb3BlcyI6WyJyZWFkIl19.L3MDlIZw76zMuj4GhiRbHjVlluFaT55KsgL9Z4QJN9TRbCBJfrkCEK_j2qmt9EB5YfQ14fsRyZSVggeyF_Va8g,
62,MEERKAT,1750656340-sdp-l0,1284000000.0,856000000.0,-44d31m58.598s,4h36m33.0s,2025-06-23T05:35:09,2025-06-23T06:07:56,https://archive-gw-1.kat.ac.za/1750656340/1750656340_sdp_l0.full.rdb?token=eyJhbGciOiJFUzI1NiIsInR5cCI6IkpXVCJ9.eyJpc3MiOiJrYXQtYXJjaGl2ZS5rYXQuYWMuemEiLCJhdWQiOiJhcmNoaXZlLWd3LTEua2F0LmFjLnphIiwiaWF0IjoxNzY0NTE4NjMyLCJwcmVmaXgiOlsiMTc1MDc0Mzg5OCIsIjE3NTA3NDQ0ODYiLCIxNzUwNzU1ODEyIiwiMTc1MDk5Nzc3NiIsIjE3NTA3NTY0MjEiLCIxNzUwNjU2MzQwIiwiMTc1MDY1NDIzMyJdLCJleHAiOjE3Njk3MDI2MzIsInN1YiI6ImE5NDA4YmY0LTc2MjAtNGRiOC05MjMzLTVkZGI4NTZkZWEwNyIsInNjb3BlcyI6WyJyZWFkIl19.L3MDlIZw76zMuj4GhiRbHjVlluFaT55KsgL9Z4QJN9TRbCBJfrkCEK_j2qmt9EB5YfQ14fsRyZSVggeyF_Va8g,
63,MEERKAT,1750656340-sdp-l0,1284000000.0,856000000.0,-44d31m58.598s,4h36m33.0s,2025-06-23T06:08:04,2025-06-23T06:08:12,https://archive-gw-1.kat.ac.za/1750656340/1750656340_sdp_l0.full.rdb?token=eyJhbGciOiJFUzI1NiIsInR5cCI6IkpXVCJ9.eyJpc3MiOiJrYXQtYXJjaGl2ZS5rYXQuYWMuemEiLCJhdWQiOiJhcmNoaXZlLWd3LTEua2F0LmFjLnphIiwiaWF0IjoxNzY0NTE4NjMyLCJwcmVmaXgiOlsiMTc1MDc0Mzg5OCIsIjE3NTA3NDQ0ODYiLCIxNzUwNzU1ODEyIiwiMTc1MDk5Nzc3NiIsIjE3NTA3NTY0MjEiLCIxNzUwNjU2MzQwIiwiMTc1MDY1NDIzMyJdLCJleHAiOjE3Njk3MDI2MzIsInN1YiI6ImE5NDA4YmY0LTc2MjAtNGRiOC05MjMzLTVkZGI4NTZkZWEwNyIsInNjb3BlcyI6WyJyZWFkIl19.L3MDlIZw76zMuj4GhiRbHjVlluFaT55KsgL9Z4QJN9TRbCBJfrkCEK_j2qmt9EB5YfQ14fsRyZSVggeyF_Va8g,
64,MEERKAT,1750656340-sdp-l0,1284000000.0,856000000.0,-44d31m58.598s,4h36m33.0s,2025-06-23T06:08:20,2025-06-23T06:10:04,https://archive-gw-1.kat.ac.za/1750656340/1750656340_sdp_l0.full.rdb?token=eyJhbGciOiJFUzI1NiIsInR5cCI6IkpXVCJ9.eyJpc3MiOiJrYXQtYXJjaGl2ZS5rYXQuYWMuemEiLCJhdWQiOiJhcmNoaXZlLWd3LTEua2F0LmFjLnphIiwiaWF0IjoxNzY0NTE4NjMyLCJwcmVmaXgiOlsiMTc1MDc0Mzg5OCIsIjE3NTA3NDQ0ODYiLCIxNzUwNzU1ODEyIiwiMTc1MDk5Nzc3NiIsIjE3NTA3NTY0MjEiLCIxNzUwNjU2MzQwIiwiMTc1MDY1NDIzMyJdLCJleHAiOjE3Njk3MDI2MzIsInN1YiI6ImE5NDA4YmY0LTc2MjAtNGRiOC05MjMzLTVkZGI4NTZkZWEwNyIsInNjb3BlcyI6WyJyZWFkIl19.L3MDlIZw76zMuj4GhiRbHjVlluFaT55KsgL9Z4QJN9TRbCBJfrkCEK_j2qmt9EB5YfQ14fsRyZSVggeyF_Va8g,
65,MEERKAT,1750656340-sdp-l0,1284000000.0,856000000.0,-44d31m58.598s,4h36m33.0s,2025-06-23T06:10:12,2025-06-23T06:10:20,https://archive-gw-1.kat.ac.za/1750656340/1750656340_sdp_l0.full.rdb?token=eyJhbGciOiJFUzI1NiIsInR5cCI6IkpXVCJ9.eyJpc3MiOiJrYXQtYXJjaGl2ZS5rYXQuYWMuemEiLCJhdWQiOiJhcmNoaXZlLWd3LTEua2F0LmFjLnphIiwiaWF0IjoxNzY0NTE4NjMyLCJwcmVmaXgiOlsiMTc1MDc0Mzg5OCIsIjE3NTA3NDQ0ODYiLCIxNzUwNzU1ODEyIiwiMTc1MDk5Nzc3NiIsIjE3NTA3NTY0MjEiLCIxNzUwNjU2MzQwIiwiMTc1MDY1NDIzMyJdLCJleHAiOjE3Njk3MDI2MzIsInN1YiI6ImE5NDA4YmY0LTc2MjAtNGRiOC05MjMzLTVkZGI4NTZkZWEwNyIsInNjb3BlcyI6WyJyZWFkIl19.L3MDlIZw76zMuj4GhiRbHjVlluFaT55KsgL9Z4QJN9TRbCBJfrkCEK_j2qmt9EB5YfQ14fsRyZSVggeyF_Va8g,
66,MEERKAT,1750656340-sdp-l0,1284000000.0,856000000.0,-44d31m58.598s,4h36m33.0s,2025-06-23T06:10:28,2025-06-23T06:43:15,https://archive-gw-1.kat.ac.za/1750656340/1750656340_sdp_l0.full.rdb?token=eyJhbGciOiJFUzI1NiIsInR5cCI6IkpXVCJ9.eyJpc3MiOiJrYXQtYXJjaGl2ZS5rYXQuYWMuemEiLCJhdWQiOiJhcmNoaXZlLWd3LTEua2F0LmFjLnphIiwiaWF0IjoxNzY0NTE4NjMyLCJwcmVmaXgiOlsiMTc1MDc0Mzg5OCIsIjE3NTA3NDQ0ODYiLCIxNzUwNzU1ODEyIiwiMTc1MDk5Nzc3NiIsIjE3NTA3NTY0MjEiLCIxNzUwNjU2MzQwIiwiMTc1MDY1NDIzMyJdLCJleHAiOjE3Njk3MDI2MzIsInN1YiI6ImE5NDA4YmY0LTc2MjAtNGRiOC05MjMzLTVkZGI4NTZkZWEwNyIsInNjb3BlcyI6WyJyZWFkIl19.L3MDlIZw76zMuj4GhiRbHjVlluFaT55KsgL9Z4QJN9TRbCBJfrkCEK_j2qmt9EB5YfQ14fsRyZSVggeyF_Va8g,
67,MEERKAT,1750656340-sdp-l0,1284000000.0,856000000.0,-44d31m58.598s,4h36m33.0s,2025-06-23T06:43:23,2025-06-23T06:43:31,https://archive-gw-1.kat.ac.za/1750656340/1750656340_sdp_l0.full.rdb?token=eyJhbGciOiJFUzI1NiIsInR5cCI6IkpXVCJ9.eyJpc3MiOiJrYXQtYXJjaGl2ZS5rYXQuYWMuemEiLCJhdWQiOiJhcmNoaXZlLWd3LTEua2F0LmFjLnphIiwiaWF0IjoxNzY0NTE4NjMyLCJwcmVmaXgiOlsiMTc1MDc0Mzg5OCIsIjE3NTA3NDQ0ODYiLCIxNzUwNzU1ODEyIiwiMTc1MDk5Nzc3NiIsIjE3NTA3NTY0MjEiLCIxNzUwNjU2MzQwIiwiMTc1MDY1NDIzMyJdLCJleHAiOjE3Njk3MDI2MzIsInN1YiI6ImE5NDA4YmY0LTc2MjAtNGRiOC05MjMzLTVkZGI4NTZkZWEwNyIsInNjb3BlcyI6WyJyZWFkIl19.L3MDlIZw76zMuj4GhiRbHjVlluFaT55KsgL9Z4QJN9TRbCBJfrkCEK_j2qmt9EB5YfQ14fsRyZSVggeyF_Va8g,
68,MEERKAT,1750656340-sdp-l0,1284000000.0,856000000.0,-44d31m58.598s,4h36m33.0s,2025-06-23T06:43:39,2025-06-23T06:45:31,https://archive-gw-1.kat.ac.za/1750656340/1750656340_sdp_l0.full.rdb?token=eyJhbGciOiJFUzI1NiIsInR5cCI6IkpXVCJ9.eyJpc3MiOiJrYXQtYXJjaGl2ZS5rYXQuYWMuemEiLCJhdWQiOiJhcmNoaXZlLWd3LTEua2F0LmFjLnphIiwiaWF0IjoxNzY0NTE4NjMyLCJwcmVmaXgiOlsiMTc1MDc0Mzg5OCIsIjE3NTA3NDQ0ODYiLCIxNzUwNzU1ODEyIiwiMTc1MDk5Nzc3NiIsIjE3NTA3NTY0MjEiLCIxNzUwNjU2MzQwIiwiMTc1MDY1NDIzMyJdLCJleHAiOjE3Njk3MDI2MzIsInN1YiI6ImE5NDA4YmY0LTc2MjAtNGRiOC05MjMzLTVkZGI4NTZkZWEwNyIsInNjb3BlcyI6WyJyZWFkIl19.L3MDlIZw76zMuj4GhiRbHjVlluFaT55KsgL9Z4QJN9TRbCBJfrkCEK_j2qmt9EB5YfQ14fsRyZSVggeyF_Va8g,
69,MEERKAT,1750656340-sdp-l0,1284000000.0,856000000.0,-44d31m58.598s,4h36m33.0s,2025-06-23T06:45:39,2025-06-23T06:45:47,https://archive-gw-1.kat.ac.za/1750656340/1750656340_sdp_l0.full.rdb?token=eyJhbGciOiJFUzI1NiIsInR5cCI6IkpXVCJ9.eyJpc3MiOiJrYXQtYXJjaGl2ZS5rYXQuYWMuemEiLCJhdWQiOiJhcmNoaXZlLWd3LTEua2F0LmFjLnphIiwiaWF0IjoxNzY0NTE4NjMyLCJwcmVmaXgiOlsiMTc1MDc0Mzg5OCIsIjE3NTA3NDQ0ODYiLCIxNzUwNzU1ODEyIiwiMTc1MDk5Nzc3NiIsIjE3NTA3NTY0MjEiLCIxNzUwNjU2MzQwIiwiMTc1MDY1NDIzMyJdLCJleHAiOjE3Njk3MDI2MzIsInN1YiI6ImE5NDA4YmY0LTc2MjAtNGRiOC05MjMzLTVkZGI4NTZkZWEwNyIsInNjb3BlcyI6WyJyZWFkIl19.L3MDlIZw76zMuj4GhiRbHjVlluFaT55KsgL9Z4QJN9TRbCBJfrkCEK_j2qmt9EB5YfQ14fsRyZSVggeyF_Va8g,
70,MEERKAT,1750656340-sdp-l0,1284000000.0,856000000.0,-44d31m58.598s,4h36m33.0s,2025-06-23T06:45:55,2025-06-23T07:18:42,https://archive-gw-1.kat.ac.za/1750656340/1750656340_sdp_l0.full.rdb?token=eyJhbGciOiJFUzI1NiIsInR5cCI6IkpXVCJ9.eyJpc3MiOiJrYXQtYXJjaGl2ZS5rYXQuYWMuemEiLCJhdWQiOiJhcmNoaXZlLWd3LTEua2F0LmFjLnphIiwiaWF0IjoxNzY0NTE4NjMyLCJwcmVmaXgiOlsiMTc1MDc0Mzg5OCIsIjE3NTA3NDQ0ODYiLCIxNzUwNzU1ODEyIiwiMTc1MDk5Nzc3NiIsIjE3NTA3NTY0MjEiLCIxNzUwNjU2MzQwIiwiMTc1MDY1NDIzMyJdLCJleHAiOjE3Njk3MDI2MzIsInN1YiI6ImE5NDA4YmY0LTc2MjAtNGRiOC05MjMzLTVkZGI4NTZkZWEwNyIsInNjb3BlcyI6WyJyZWFkIl19.L3MDlIZw76zMuj4GhiRbHjVlluFaT55KsgL9Z4QJN9TRbCBJfrkCEK_j2qmt9EB5YfQ14fsRyZSVggeyF_Va8g,
71,MEERKAT,1750656340-sdp-l0,1284000000.0,856000000.0,-63d42m45.601s,19h39m25.0s,2025-06-23T07:18:50,2025-06-23T07:19:38,https://archive-gw-1.kat.ac.za/1750656340/1750656340_sdp_l0.full.rdb?token=eyJhbGciOiJFUzI1NiIsInR5cCI6IkpXVCJ9.eyJpc3MiOiJrYXQtYXJjaGl2ZS5rYXQuYWMuemEiLCJhdWQiOiJhcmNoaXZlLWd3LTEua2F0LmFjLnphIiwiaWF0IjoxNzY0NTE4NjMyLCJwcmVmaXgiOlsiMTc1MDc0Mzg5OCIsIjE3NTA3NDQ0ODYiLCIxNzUwNzU1ODEyIiwiMTc1MDk5Nzc3NiIsIjE3NTA3NTY0MjEiLCIxNzUwNjU2MzQwIiwiMTc1MDY1NDIzMyJdLCJleHAiOjE3Njk3MDI2MzIsInN1YiI6ImE5NDA4YmY0LTc2MjAtNGRiOC05MjMzLTVkZGI4NTZkZWEwNyIsInNjb3BlcyI6WyJyZWFkIl19.L3MDlIZw76zMuj4GhiRbHjVlluFaT55KsgL9Z4QJN9TRbCBJfrkCEK_j2qmt9EB5YfQ14fsRyZSVggeyF_Va8g,
72,MEERKAT,1750656340-sdp-l0,1284000000.0,856000000.0,-63d42m45.601s,19h39m25.0s,2025-06-23T07:19:46,2025-06-23T07:24:42,https://archive-gw-1.kat.ac.za/1750656340/1750656340_sdp_l0.full.rdb?token=eyJhbGciOiJFUzI1NiIsInR5cCI6IkpXVCJ9.eyJpc3MiOiJrYXQtYXJjaGl2ZS5rYXQuYWMuemEiLCJhdWQiOiJhcmNoaXZlLWd3LTEua2F0LmFjLnphIiwiaWF0IjoxNzY0NTE4NjMyLCJwcmVmaXgiOlsiMTc1MDc0Mzg5OCIsIjE3NTA3NDQ0ODYiLCIxNzUwNzU1ODEyIiwiMTc1MDk5Nzc3NiIsIjE3NTA3NTY0MjEiLCIxNzUwNjU2MzQwIiwiMTc1MDY1NDIzMyJdLCJleHAiOjE3Njk3MDI2MzIsInN1YiI6ImE5NDA4YmY0LTc2MjAtNGRiOC05MjMzLTVkZGI4NTZkZWEwNyIsInNjb3BlcyI6WyJyZWFkIl19.L3MDlIZw76zMuj4GhiRbHjVlluFaT55KsgL9Z4QJN9TRbCBJfrkCEK_j2qmt9EB5YfQ14fsRyZSVggeyF_Va8g,
73,MEERKAT,1750654233-sdp-l0,1284000000.0,856000000.0,-63d42m45.601s,19h39m25.0s,2025-06-23T04:51:01,2025-06-23T04:54:53,https://archive-gw-1.kat.ac.za/1750654233/1750654233_sdp_l0.full.rdb?token=eyJhbGciOiJFUzI1NiIsInR5cCI6IkpXVCJ9.eyJpc3MiOiJrYXQtYXJjaGl2ZS5rYXQuYWMuemEiLCJhdWQiOiJhcmNoaXZlLWd3LTEua2F0LmFjLnphIiwiaWF0IjoxNzY0NTE4NjMyLCJwcmVmaXgiOlsiMTc1MDc0Mzg5OCIsIjE3NTA3NDQ0ODYiLCIxNzUwNzU1ODEyIiwiMTc1MDk5Nzc3NiIsIjE3NTA3NTY0MjEiLCIxNzUwNjU2MzQwIiwiMTc1MDY1NDIzMyJdLCJleHAiOjE3Njk3MDI2MzIsInN1YiI6ImE5NDA4YmY0LTc2MjAtNGRiOC05MjMzLTVkZGI4NTZkZWEwNyIsInNjb3BlcyI6WyJyZWFkIl19.L3MDlIZw76zMuj4GhiRbHjVlluFaT55KsgL9Z4QJN9TRbCBJfrkCEK_j2qmt9EB5YfQ14fsRyZSVggeyF_Va8g,
74,MEERKAT,1750654233-sdp-l0,1284000000.0,856000000.0,-63d42m45.601s,19h39m25.0s,2025-06-23T04:57:25,2025-06-23T04:58:13,https://archive-gw-1.kat.ac.za/1750654233/1750654233_sdp_l0.full.rdb?token=eyJhbGciOiJFUzI1NiIsInR5cCI6IkpXVCJ9.eyJpc3MiOiJrYXQtYXJjaGl2ZS5rYXQuYWMuemEiLCJhdWQiOiJhcmNoaXZlLWd3LTEua2F0LmFjLnphIiwiaWF0IjoxNzY0NTE4NjMyLCJwcmVmaXgiOlsiMTc1MDc0Mzg5OCIsIjE3NTA3NDQ0ODYiLCIxNzUwNzU1ODEyIiwiMTc1MDk5Nzc3NiIsIjE3NTA3NTY0MjEiLCIxNzUwNjU2MzQwIiwiMTc1MDY1NDIzMyJdLCJleHAiOjE3Njk3MDI2MzIsInN1YiI6ImE5NDA4YmY0LTc2MjAtNGRiOC05MjMzLTVkZGI4NTZkZWEwNyIsInNjb3BlcyI6WyJyZWFkIl19.L3MDlIZw76zMuj4GhiRbHjVlluFaT55KsgL9Z4QJN9TRbCBJfrkCEK_j2qmt9EB5YfQ14fsRyZSVggeyF_Va8g,
